vid_path,id_label,label,category
clips\20\15.MOV,20,ONE,NUMBER
clips\55\2.MOV,55,DAUGHTER,FAMILY
clips\15\19.MOV,15,YES,SURVIVAL
clips\97\19.MOV,97,JUICE,DRINK
clips\9\1.MOV,9,SEE YOU TOMORROW,GREETING
clips\12\20.MOV,12,KNOW,SURVIVAL
clips\2\18.MOV,2,GOOD EVENING,GREETING
clips\15\1.MOV,15,YES,SURVIVAL
clips\52\15.MOV,52,FATHER,FAMILY
clips\78\5.MOV,78,YELLOW,COLOR
clips\82\3.MOV,82,VIOLET,COLOR
clips\83\1.MOV,83,LIGHT,COLOR
clips\100\17.MOV,100,TEA,DRINK
clips\87\5.MOV,87,FISH,FOOD
clips\45\17.MOV,45,THURSDAY,DAYS
clips\13\9.MOV,13,DON’T KNOW,SURVIVAL
clips\42\18.MOV,42,MONDAY,DAYS
clips\57\13.MOV,57,GRANDMOTHER,FAMILY
clips\73\2.MOV,73,GREEN,COLOR
clips\41\7.MOV,41,DECEMBER,CALENDAR
clips\44\19.MOV,44,WEDNESDAY,DAYS
clips\100\4.MOV,100,TEA,DRINK
clips\103\2.MOV,103,SUGAR,DRINK
clips\70\1.MOV,70,DEAF BLIND,RELATIONSHIPS
clips\22\6.MOV,22,THREE,NUMBER
clips\76\2.MOV,76,BLACK,COLOR
clips\15\10.MOV,15,YES,SURVIVAL
clips\98\2.MOV,98,MILK,DRINK
clips\34\3.MOV,34,MAY,CALENDAR
clips\101\4.MOV,101,BEER,DRINK
clips\81\1.MOV,81,PINK,COLOR
clips\15\7.MOV,15,YES,SURVIVAL
clips\26\8.MOV,26,SEVEN,NUMBER
clips\56\1.MOV,56,GRANDFATHER,FAMILY
clips\44\10.MOV,44,WEDNESDAY,DAYS
clips\84\9.MOV,84,DARK,COLOR
clips\76\9.MOV,76,BLACK,COLOR
clips\61\13.MOV,61,PARENTS,FAMILY
clips\62\13.MOV,62,BOY,RELATIONSHIPS
clips\77\9.MOV,77,WHITE,COLOR
clips\47\16.MOV,47,SATURDAY,DAYS
clips\45\19.MOV,45,THURSDAY,DAYS
clips\54\11.MOV,54,SON,FAMILY
clips\89\18.MOV,89,CHICKEN,FOOD
clips\29\9.MOV,29,TEN,NUMBER
clips\101\0.MOV,101,BEER,DRINK
clips\6\5.MOV,6,NICE TO MEET YOU,GREETING
clips\79\12.MOV,79,ORANGE,COLOR
clips\96\14.MOV,96,COLD,DRINK
clips\4\10.MOV,4,HOW ARE YOU,GREETING
clips\102\6.MOV,102,WINE,DRINK
clips\13\7.MOV,13,DON’T KNOW,SURVIVAL
clips\16\15.MOV,16,WRONG,SURVIVAL
clips\16\18.MOV,16,WRONG,SURVIVAL
clips\95\2.MOV,95,HOT,DRINK
clips\69\14.MOV,69,BLIND,RELATIONSHIPS
clips\24\4.MOV,24,FIVE,NUMBER
clips\71\9.MOV,71,MARRIED,RELATIONSHIPS
clips\103\8.MOV,103,SUGAR,DRINK
clips\71\4.MOV,71,MARRIED,RELATIONSHIPS
clips\12\6.MOV,12,KNOW,SURVIVAL
clips\99\19.MOV,99,COFFEE,DRINK
clips\71\12.MOV,71,MARRIED,RELATIONSHIPS
clips\90\12.MOV,90,SPAGHETTI,FOOD
clips\19\11.MOV,19,FAST,SURVIVAL
clips\69\17.MOV,69,BLIND,RELATIONSHIPS
clips\6\15.MOV,6,NICE TO MEET YOU,GREETING
clips\29\12.MOV,29,TEN,NUMBER
clips\13\14.MOV,13,DON’T KNOW,SURVIVAL
clips\80\16.MOV,80,GRAY,COLOR
clips\87\8.MOV,87,FISH,FOOD
clips\93\3.MOV,93,SHRIMP,FOOD
clips\49\9.MOV,49,TODAY,DAYS
clips\91\19.MOV,91,RICE,FOOD
clips\33\0.MOV,33,APRIL,CALENDAR
clips\65\10.MOV,65,WOMAN,RELATIONSHIPS
clips\60\19.MOV,60,COUSIN,FAMILY
clips\79\13.MOV,79,ORANGE,COLOR
clips\9\3.MOV,9,SEE YOU TOMORROW,GREETING
clips\100\5.MOV,100,TEA,DRINK
clips\99\17.MOV,99,COFFEE,DRINK
clips\50\17.MOV,50,TOMORROW,DAYS
clips\37\20.MOV,37,AUGUST,CALENDAR
clips\77\18.MOV,77,WHITE,COLOR
clips\50\15.MOV,50,TOMORROW,DAYS
clips\64\1.MOV,64,MAN,RELATIONSHIPS
clips\60\18.MOV,60,COUSIN,FAMILY
clips\76\8.MOV,76,BLACK,COLOR
clips\23\7.MOV,23,FOUR,NUMBER
clips\80\18.MOV,80,GRAY,COLOR
clips\33\11.MOV,33,APRIL,CALENDAR
clips\97\6.MOV,97,JUICE,DRINK
clips\61\15.MOV,61,PARENTS,FAMILY
clips\86\19.MOV,86,EGG,FOOD
clips\54\1.MOV,54,SON,FAMILY
clips\85\5.MOV,85,BREAD,FOOD
clips\21\16.MOV,21,TWO,NUMBER
clips\102\12.MOV,102,WINE,DRINK
clips\95\16.MOV,95,HOT,DRINK
clips\73\18.MOV,73,GREEN,COLOR
clips\46\8.MOV,46,FRIDAY,DAYS
clips\36\15.MOV,36,JULY,CALENDAR
clips\52\19.MOV,52,FATHER,FAMILY
clips\66\2.MOV,66,DEAF,RELATIONSHIPS
clips\27\5.MOV,27,EIGHT,NUMBER
clips\34\5.MOV,34,MAY,CALENDAR
clips\58\3.MOV,58,UNCLE,FAMILY
clips\44\6.MOV,44,WEDNESDAY,DAYS
clips\20\2.MOV,20,ONE,NUMBER
clips\6\12.MOV,6,NICE TO MEET YOU,GREETING
clips\5\3.MOV,5,IM FINE,GREETING
clips\75\12.MOV,75,BROWN,COLOR
clips\37\3.MOV,37,AUGUST,CALENDAR
clips\89\10.MOV,89,CHICKEN,FOOD
clips\100\14.MOV,100,TEA,DRINK
clips\92\12.MOV,92,LONGANISA,FOOD
clips\58\19.MOV,58,UNCLE,FAMILY
clips\15\13.MOV,15,YES,SURVIVAL
clips\62\0.MOV,62,BOY,RELATIONSHIPS
clips\24\8.MOV,24,FIVE,NUMBER
clips\98\3.MOV,98,MILK,DRINK
clips\22\16.MOV,22,THREE,NUMBER
clips\2\19.MOV,2,GOOD EVENING,GREETING
clips\40\18.MOV,40,NOVEMBER,CALENDAR
clips\42\4.MOV,42,MONDAY,DAYS
clips\104\2.MOV,104,NO SUGAR,DRINK
clips\23\6.MOV,23,FOUR,NUMBER
clips\33\4.MOV,33,APRIL,CALENDAR
clips\2\4.MOV,2,GOOD EVENING,GREETING
clips\45\15.MOV,45,THURSDAY,DAYS
clips\60\15.MOV,60,COUSIN,FAMILY
clips\69\12.MOV,69,BLIND,RELATIONSHIPS
clips\11\1.MOV,11,DON’T UNDERSTAND,SURVIVAL
clips\93\10.MOV,93,SHRIMP,FOOD
clips\31\17.MOV,31,FEBRUARY,CALENDAR
clips\89\12.MOV,89,CHICKEN,FOOD
clips\9\15.MOV,9,SEE YOU TOMORROW,GREETING
clips\68\7.MOV,68,WEELCHAIR PERSON,RELATIONSHIPS
clips\65\5.MOV,65,WOMAN,RELATIONSHIPS
clips\90\11.MOV,90,SPAGHETTI,FOOD
clips\30\3.MOV,30,JANUARY,CALENDAR
clips\75\5.MOV,75,BROWN,COLOR
clips\59\9.MOV,59,AUNTIE,FAMILY
clips\23\11.MOV,23,FOUR,NUMBER
clips\72\15.MOV,72,BLUE,COLOR
clips\47\3.MOV,47,SATURDAY,DAYS
clips\82\10.MOV,82,VIOLET,COLOR
clips\45\16.MOV,45,THURSDAY,DAYS
clips\6\10.MOV,6,NICE TO MEET YOU,GREETING
clips\7\17.MOV,7,THANK YOU,GREETING
clips\23\19.MOV,23,FOUR,NUMBER
clips\5\18.MOV,5,IM FINE,GREETING
clips\40\3.MOV,40,NOVEMBER,CALENDAR
clips\98\13.MOV,98,MILK,DRINK
clips\42\17.MOV,42,MONDAY,DAYS
clips\43\2.MOV,43,TUESDAY,DAYS
clips\67\13.MOV,67,HARD OF HEARING,RELATIONSHIPS
clips\11\19.MOV,11,DON’T UNDERSTAND,SURVIVAL
clips\31\1.MOV,31,FEBRUARY,CALENDAR
clips\0\3.MOV,0,GOOD MORNING,GREETING
clips\21\10.MOV,21,TWO,NUMBER
clips\28\0.MOV,28,NINE ,NUMBER
clips\56\17.MOV,56,GRANDFATHER,FAMILY
clips\47\9.MOV,47,SATURDAY,DAYS
clips\97\13.MOV,97,JUICE,DRINK
clips\95\5.MOV,95,HOT,DRINK
clips\70\4.MOV,70,DEAF BLIND,RELATIONSHIPS
clips\76\1.MOV,76,BLACK,COLOR
clips\50\0.MOV,50,TOMORROW,DAYS
clips\4\7.MOV,4,HOW ARE YOU,GREETING
clips\77\3.MOV,77,WHITE,COLOR
clips\41\11.MOV,41,DECEMBER,CALENDAR
clips\79\17.MOV,79,ORANGE,COLOR
clips\26\14.MOV,26,SEVEN,NUMBER
clips\60\3.MOV,60,COUSIN,FAMILY
clips\1\19.MOV,1,GOOD AFTERNOON,GREETING
clips\4\3.MOV,4,HOW ARE YOU,GREETING
clips\19\3.MOV,19,FAST,SURVIVAL
clips\25\3.MOV,25,SIX,NUMBER
clips\19\14.MOV,19,FAST,SURVIVAL
clips\67\1.MOV,67,HARD OF HEARING,RELATIONSHIPS
clips\18\0.MOV,18,SLOW,SURVIVAL
clips\51\6.MOV,51,YESTERDAY,DAYS
clips\26\5.MOV,26,SEVEN,NUMBER
clips\68\14.MOV,68,WEELCHAIR PERSON,RELATIONSHIPS
clips\35\15.MOV,35,JUNE,CALENDAR
clips\83\10.MOV,83,LIGHT,COLOR
clips\58\0.MOV,58,UNCLE,FAMILY
clips\92\7.MOV,92,LONGANISA,FOOD
clips\13\12.MOV,13,DON’T KNOW,SURVIVAL
clips\15\2.MOV,15,YES,SURVIVAL
clips\72\19.MOV,72,BLUE,COLOR
clips\4\4.MOV,4,HOW ARE YOU,GREETING
clips\85\2.MOV,85,BREAD,FOOD
clips\98\19.MOV,98,MILK,DRINK
clips\88\17.MOV,88,MEAT,FOOD
clips\12\11.MOV,12,KNOW,SURVIVAL
clips\3\17.MOV,3,HELLO,GREETING
clips\92\8.MOV,92,LONGANISA,FOOD
clips\36\0.MOV,36,JULY,CALENDAR
clips\17\15.MOV,17,CORRECT,SURVIVAL
clips\64\5.MOV,64,MAN,RELATIONSHIPS
clips\65\18.MOV,65,WOMAN,RELATIONSHIPS
clips\102\5.MOV,102,WINE,DRINK
clips\78\7.MOV,78,YELLOW,COLOR
clips\37\19.MOV,37,AUGUST,CALENDAR
clips\41\18.MOV,41,DECEMBER,CALENDAR
clips\8\6.MOV,8,YOURE WELCOME,GREETING
clips\41\1.MOV,41,DECEMBER,CALENDAR
clips\55\3.MOV,55,DAUGHTER,FAMILY
clips\25\4.MOV,25,SIX,NUMBER
clips\26\10.MOV,26,SEVEN,NUMBER
clips\53\17.MOV,53,MOTHER,FAMILY
clips\68\0.MOV,68,WEELCHAIR PERSON,RELATIONSHIPS
clips\83\19.MOV,83,LIGHT,COLOR
clips\56\4.MOV,56,GRANDFATHER,FAMILY
clips\9\0.MOV,9,SEE YOU TOMORROW,GREETING
clips\26\17.MOV,26,SEVEN,NUMBER
clips\81\5.MOV,81,PINK,COLOR
clips\10\13.MOV,10,UNDERSTAND,SURVIVAL
clips\99\15.MOV,99,COFFEE,DRINK
clips\14\13.MOV,14,NO,SURVIVAL
clips\42\7.MOV,42,MONDAY,DAYS
clips\36\11.MOV,36,JULY,CALENDAR
clips\64\3.MOV,64,MAN,RELATIONSHIPS
clips\31\7.MOV,31,FEBRUARY,CALENDAR
clips\2\6.MOV,2,GOOD EVENING,GREETING
clips\7\11.MOV,7,THANK YOU,GREETING
clips\12\14.MOV,12,KNOW,SURVIVAL
clips\27\6.MOV,27,EIGHT,NUMBER
clips\30\18.MOV,30,JANUARY,CALENDAR
clips\32\2.MOV,32,MARCH,CALENDAR
clips\8\12.MOV,8,YOURE WELCOME,GREETING
clips\73\1.MOV,73,GREEN,COLOR
clips\58\13.MOV,58,UNCLE,FAMILY
clips\8\16.MOV,8,YOURE WELCOME,GREETING
clips\86\8.MOV,86,EGG,FOOD
clips\14\11.MOV,14,NO,SURVIVAL
clips\98\7.MOV,98,MILK,DRINK
clips\22\2.MOV,22,THREE,NUMBER
clips\20\6.MOV,20,ONE,NUMBER
clips\15\16.MOV,15,YES,SURVIVAL
clips\64\10.MOV,64,MAN,RELATIONSHIPS
clips\53\14.MOV,53,MOTHER,FAMILY
clips\23\5.MOV,23,FOUR,NUMBER
clips\59\11.MOV,59,AUNTIE,FAMILY
clips\11\9.MOV,11,DON’T UNDERSTAND,SURVIVAL
clips\30\8.MOV,30,JANUARY,CALENDAR
clips\1\15.MOV,1,GOOD AFTERNOON,GREETING
clips\40\21.MOV,40,NOVEMBER,CALENDAR
clips\70\13.MOV,70,DEAF BLIND,RELATIONSHIPS
clips\19\13.MOV,19,FAST,SURVIVAL
clips\18\10.MOV,18,SLOW,SURVIVAL
clips\102\0.MOV,102,WINE,DRINK
clips\100\2.MOV,100,TEA,DRINK
clips\35\18.MOV,35,JUNE,CALENDAR
clips\65\11.MOV,65,WOMAN,RELATIONSHIPS
clips\5\8.MOV,5,IM FINE,GREETING
clips\72\12.MOV,72,BLUE,COLOR
clips\58\15.MOV,58,UNCLE,FAMILY
clips\31\3.MOV,31,FEBRUARY,CALENDAR
clips\63\10.MOV,63,GIRL,RELATIONSHIPS
clips\25\8.MOV,25,SIX,NUMBER
clips\15\12.MOV,15,YES,SURVIVAL
clips\68\12.MOV,68,WEELCHAIR PERSON,RELATIONSHIPS
clips\61\18.MOV,61,PARENTS,FAMILY
clips\23\10.MOV,23,FOUR,NUMBER
clips\19\15.MOV,19,FAST,SURVIVAL
clips\102\18.MOV,102,WINE,DRINK
clips\83\16.MOV,83,LIGHT,COLOR
clips\50\5.MOV,50,TOMORROW,DAYS
clips\65\17.MOV,65,WOMAN,RELATIONSHIPS
clips\97\8.MOV,97,JUICE,DRINK
clips\6\16.MOV,6,NICE TO MEET YOU,GREETING
clips\54\9.MOV,54,SON,FAMILY
clips\56\16.MOV,56,GRANDFATHER,FAMILY
clips\6\17.MOV,6,NICE TO MEET YOU,GREETING
clips\63\19.MOV,63,GIRL,RELATIONSHIPS
clips\67\19.MOV,67,HARD OF HEARING,RELATIONSHIPS
clips\98\10.MOV,98,MILK,DRINK
clips\70\12.MOV,70,DEAF BLIND,RELATIONSHIPS
clips\48\2.MOV,48,SUNDAY,DAYS
clips\9\13.MOV,9,SEE YOU TOMORROW,GREETING
clips\96\18.MOV,96,COLD,DRINK
clips\84\0.MOV,84,DARK,COLOR
clips\3\8.MOV,3,HELLO,GREETING
clips\42\5.MOV,42,MONDAY,DAYS
clips\58\17.MOV,58,UNCLE,FAMILY
clips\14\9.MOV,14,NO,SURVIVAL
clips\85\7.MOV,85,BREAD,FOOD
clips\48\16.MOV,48,SUNDAY,DAYS
clips\81\4.MOV,81,PINK,COLOR
clips\72\4.MOV,72,BLUE,COLOR
clips\50\3.MOV,50,TOMORROW,DAYS
clips\32\5.MOV,32,MARCH,CALENDAR
clips\88\16.MOV,88,MEAT,FOOD
clips\55\15.MOV,55,DAUGHTER,FAMILY
clips\35\17.MOV,35,JUNE,CALENDAR
clips\46\12.MOV,46,FRIDAY,DAYS
clips\84\16.MOV,84,DARK,COLOR
clips\1\3.MOV,1,GOOD AFTERNOON,GREETING
clips\60\7.MOV,60,COUSIN,FAMILY
clips\58\14.MOV,58,UNCLE,FAMILY
clips\71\5.MOV,71,MARRIED,RELATIONSHIPS
clips\65\8.MOV,65,WOMAN,RELATIONSHIPS
clips\43\3.MOV,43,TUESDAY,DAYS
clips\46\1.MOV,46,FRIDAY,DAYS
clips\83\11.MOV,83,LIGHT,COLOR
clips\56\2.MOV,56,GRANDFATHER,FAMILY
clips\0\9.MOV,0,GOOD MORNING,GREETING
clips\62\2.MOV,62,BOY,RELATIONSHIPS
clips\18\7.MOV,18,SLOW,SURVIVAL
clips\45\9.MOV,45,THURSDAY,DAYS
clips\95\6.MOV,95,HOT,DRINK
clips\27\8.MOV,27,EIGHT,NUMBER
clips\10\7.MOV,10,UNDERSTAND,SURVIVAL
clips\34\13.MOV,34,MAY,CALENDAR
clips\85\3.MOV,85,BREAD,FOOD
clips\12\17.MOV,12,KNOW,SURVIVAL
clips\85\9.MOV,85,BREAD,FOOD
clips\73\14.MOV,73,GREEN,COLOR
clips\44\4.MOV,44,WEDNESDAY,DAYS
clips\13\17.MOV,13,DON’T KNOW,SURVIVAL
clips\85\0.MOV,85,BREAD,FOOD
clips\47\4.MOV,47,SATURDAY,DAYS
clips\91\9.MOV,91,RICE,FOOD
clips\91\11.MOV,91,RICE,FOOD
clips\72\7.MOV,72,BLUE,COLOR
clips\54\13.MOV,54,SON,FAMILY
clips\34\9.MOV,34,MAY,CALENDAR
clips\96\19.MOV,96,COLD,DRINK
clips\18\12.MOV,18,SLOW,SURVIVAL
clips\94\16.MOV,94,CRAB,FOOD
clips\31\9.MOV,31,FEBRUARY,CALENDAR
clips\97\14.MOV,97,JUICE,DRINK
clips\12\7.MOV,12,KNOW,SURVIVAL
clips\97\7.MOV,97,JUICE,DRINK
clips\48\5.MOV,48,SUNDAY,DAYS
clips\68\15.MOV,68,WEELCHAIR PERSON,RELATIONSHIPS
clips\99\10.MOV,99,COFFEE,DRINK
clips\20\7.MOV,20,ONE,NUMBER
clips\16\6.MOV,16,WRONG,SURVIVAL
clips\65\3.MOV,65,WOMAN,RELATIONSHIPS
clips\77\17.MOV,77,WHITE,COLOR
clips\58\20.MOV,58,UNCLE,FAMILY
clips\78\12.MOV,78,YELLOW,COLOR
clips\24\2.MOV,24,FIVE,NUMBER
clips\76\17.MOV,76,BLACK,COLOR
clips\25\9.MOV,25,SIX,NUMBER
clips\13\8.MOV,13,DON’T KNOW,SURVIVAL
clips\26\3.MOV,26,SEVEN,NUMBER
clips\62\10.MOV,62,BOY,RELATIONSHIPS
clips\95\0.MOV,95,HOT,DRINK
clips\74\14.MOV,74,RED,COLOR
clips\38\5.MOV,38,SEPTEMBER,CALENDAR
clips\62\6.MOV,62,BOY,RELATIONSHIPS
clips\103\20.MOV,103,SUGAR,DRINK
clips\100\3.MOV,100,TEA,DRINK
clips\15\9.MOV,15,YES,SURVIVAL
clips\54\15.MOV,54,SON,FAMILY
clips\47\10.MOV,47,SATURDAY,DAYS
clips\34\16.MOV,34,MAY,CALENDAR
clips\66\1.MOV,66,DEAF,RELATIONSHIPS
clips\56\8.MOV,56,GRANDFATHER,FAMILY
clips\37\12.MOV,37,AUGUST,CALENDAR
clips\66\4.MOV,66,DEAF,RELATIONSHIPS
clips\90\1.MOV,90,SPAGHETTI,FOOD
clips\46\11.MOV,46,FRIDAY,DAYS
clips\104\16.MOV,104,NO SUGAR,DRINK
clips\89\8.MOV,89,CHICKEN,FOOD
clips\54\19.MOV,54,SON,FAMILY
clips\74\5.MOV,74,RED,COLOR
clips\40\5.MOV,40,NOVEMBER,CALENDAR
clips\57\8.MOV,57,GRANDMOTHER,FAMILY
clips\81\18.MOV,81,PINK,COLOR
clips\85\13.MOV,85,BREAD,FOOD
clips\18\15.MOV,18,SLOW,SURVIVAL
clips\104\19.MOV,104,NO SUGAR,DRINK
clips\32\11.MOV,32,MARCH,CALENDAR
clips\52\7.MOV,52,FATHER,FAMILY
clips\60\12.MOV,60,COUSIN,FAMILY
clips\77\6.MOV,77,WHITE,COLOR
clips\16\20.MOV,16,WRONG,SURVIVAL
clips\40\7.MOV,40,NOVEMBER,CALENDAR
clips\2\16.MOV,2,GOOD EVENING,GREETING
clips\94\14.MOV,94,CRAB,FOOD
clips\88\3.MOV,88,MEAT,FOOD
clips\52\5.MOV,52,FATHER,FAMILY
clips\0\16.MOV,0,GOOD MORNING,GREETING
clips\53\19.MOV,53,MOTHER,FAMILY
clips\11\6.MOV,11,DON’T UNDERSTAND,SURVIVAL
clips\15\14.MOV,15,YES,SURVIVAL
clips\75\14.MOV,75,BROWN,COLOR
clips\73\19.MOV,73,GREEN,COLOR
clips\66\18.MOV,66,DEAF,RELATIONSHIPS
clips\61\0.MOV,61,PARENTS,FAMILY
clips\55\14.MOV,55,DAUGHTER,FAMILY
clips\56\13.MOV,56,GRANDFATHER,FAMILY
clips\16\3.MOV,16,WRONG,SURVIVAL
clips\20\8.MOV,20,ONE,NUMBER
clips\78\19.MOV,78,YELLOW,COLOR
clips\37\5.MOV,37,AUGUST,CALENDAR
clips\81\0.MOV,81,PINK,COLOR
clips\46\9.MOV,46,FRIDAY,DAYS
clips\24\6.MOV,24,FIVE,NUMBER
clips\11\13.MOV,11,DON’T UNDERSTAND,SURVIVAL
clips\104\11.MOV,104,NO SUGAR,DRINK
clips\90\16.MOV,90,SPAGHETTI,FOOD
clips\0\10.MOV,0,GOOD MORNING,GREETING
clips\31\8.MOV,31,FEBRUARY,CALENDAR
clips\0\0.MOV,0,GOOD MORNING,GREETING
clips\76\16.MOV,76,BLACK,COLOR
clips\1\20.MOV,1,GOOD AFTERNOON,GREETING
clips\54\17.MOV,54,SON,FAMILY
clips\79\0.MOV,79,ORANGE,COLOR
clips\27\15.MOV,27,EIGHT,NUMBER
clips\46\5.MOV,46,FRIDAY,DAYS
clips\64\11.MOV,64,MAN,RELATIONSHIPS
clips\82\0.MOV,82,VIOLET,COLOR
clips\71\14.MOV,71,MARRIED,RELATIONSHIPS
clips\97\2.MOV,97,JUICE,DRINK
clips\98\15.MOV,98,MILK,DRINK
clips\69\1.MOV,69,BLIND,RELATIONSHIPS
clips\95\3.MOV,95,HOT,DRINK
clips\40\12.MOV,40,NOVEMBER,CALENDAR
clips\5\10.MOV,5,IM FINE,GREETING
clips\17\7.MOV,17,CORRECT,SURVIVAL
clips\88\9.MOV,88,MEAT,FOOD
clips\47\8.MOV,47,SATURDAY,DAYS
clips\17\12.MOV,17,CORRECT,SURVIVAL
clips\84\6.MOV,84,DARK,COLOR
clips\13\19.MOV,13,DON’T KNOW,SURVIVAL
clips\51\9.MOV,51,YESTERDAY,DAYS
clips\51\10.MOV,51,YESTERDAY,DAYS
clips\85\14.MOV,85,BREAD,FOOD
clips\64\18.MOV,64,MAN,RELATIONSHIPS
clips\5\15.MOV,5,IM FINE,GREETING
clips\24\19.MOV,24,FIVE,NUMBER
clips\88\13.MOV,88,MEAT,FOOD
clips\59\14.MOV,59,AUNTIE,FAMILY
clips\42\14.MOV,42,MONDAY,DAYS
clips\67\12.MOV,67,HARD OF HEARING,RELATIONSHIPS
clips\42\11.MOV,42,MONDAY,DAYS
clips\19\0.MOV,19,FAST,SURVIVAL
clips\67\11.MOV,67,HARD OF HEARING,RELATIONSHIPS
clips\9\7.MOV,9,SEE YOU TOMORROW,GREETING
clips\24\15.MOV,24,FIVE,NUMBER
clips\51\18.MOV,51,YESTERDAY,DAYS
clips\18\5.MOV,18,SLOW,SURVIVAL
clips\52\6.MOV,52,FATHER,FAMILY
clips\49\1.MOV,49,TODAY,DAYS
clips\11\5.MOV,11,DON’T UNDERSTAND,SURVIVAL
clips\92\1.MOV,92,LONGANISA,FOOD
clips\61\10.MOV,61,PARENTS,FAMILY
clips\21\15.MOV,21,TWO,NUMBER
clips\22\19.MOV,22,THREE,NUMBER
clips\64\19.MOV,64,MAN,RELATIONSHIPS
clips\60\2.MOV,60,COUSIN,FAMILY
clips\49\13.MOV,49,TODAY,DAYS
clips\26\16.MOV,26,SEVEN,NUMBER
clips\32\16.MOV,32,MARCH,CALENDAR
clips\79\3.MOV,79,ORANGE,COLOR
clips\55\9.MOV,55,DAUGHTER,FAMILY
clips\13\1.MOV,13,DON’T KNOW,SURVIVAL
clips\14\16.MOV,14,NO,SURVIVAL
clips\47\18.MOV,47,SATURDAY,DAYS
clips\68\5.MOV,68,WEELCHAIR PERSON,RELATIONSHIPS
clips\31\14.MOV,31,FEBRUARY,CALENDAR
clips\20\5.MOV,20,ONE,NUMBER
clips\62\19.MOV,62,BOY,RELATIONSHIPS
clips\102\11.MOV,102,WINE,DRINK
clips\95\12.MOV,95,HOT,DRINK
clips\103\12.MOV,103,SUGAR,DRINK
clips\44\2.MOV,44,WEDNESDAY,DAYS
clips\65\1.MOV,65,WOMAN,RELATIONSHIPS
clips\58\12.MOV,58,UNCLE,FAMILY
clips\83\9.MOV,83,LIGHT,COLOR
clips\37\0.MOV,37,AUGUST,CALENDAR
clips\87\14.MOV,87,FISH,FOOD
clips\96\5.MOV,96,COLD,DRINK
clips\57\3.MOV,57,GRANDMOTHER,FAMILY
clips\84\14.MOV,84,DARK,COLOR
clips\93\12.MOV,93,SHRIMP,FOOD
clips\68\6.MOV,68,WEELCHAIR PERSON,RELATIONSHIPS
clips\86\16.MOV,86,EGG,FOOD
clips\60\16.MOV,60,COUSIN,FAMILY
clips\58\2.MOV,58,UNCLE,FAMILY
clips\62\7.MOV,62,BOY,RELATIONSHIPS
clips\37\15.MOV,37,AUGUST,CALENDAR
clips\11\10.MOV,11,DON’T UNDERSTAND,SURVIVAL
clips\87\13.MOV,87,FISH,FOOD
clips\37\21.MOV,37,AUGUST,CALENDAR
clips\50\1.MOV,50,TOMORROW,DAYS
clips\8\0.MOV,8,YOURE WELCOME,GREETING
clips\104\6.MOV,104,NO SUGAR,DRINK
clips\17\2.MOV,17,CORRECT,SURVIVAL
clips\82\1.MOV,82,VIOLET,COLOR
clips\47\1.MOV,47,SATURDAY,DAYS
clips\87\2.MOV,87,FISH,FOOD
clips\37\1.MOV,37,AUGUST,CALENDAR
clips\37\18.MOV,37,AUGUST,CALENDAR
clips\101\3.MOV,101,BEER,DRINK
clips\23\16.MOV,23,FOUR,NUMBER
clips\19\6.MOV,19,FAST,SURVIVAL
clips\93\19.MOV,93,SHRIMP,FOOD
clips\72\2.MOV,72,BLUE,COLOR
clips\101\14.MOV,101,BEER,DRINK
clips\0\11.MOV,0,GOOD MORNING,GREETING
clips\39\0.MOV,39,OCTOBER,CALENDAR
clips\41\12.MOV,41,DECEMBER,CALENDAR
clips\7\2.MOV,7,THANK YOU,GREETING
clips\94\15.MOV,94,CRAB,FOOD
clips\86\4.MOV,86,EGG,FOOD
clips\59\18.MOV,59,AUNTIE,FAMILY
clips\76\4.MOV,76,BLACK,COLOR
clips\84\11.MOV,84,DARK,COLOR
clips\14\20.MOV,14,NO,SURVIVAL
clips\32\6.MOV,32,MARCH,CALENDAR
clips\96\2.MOV,96,COLD,DRINK
clips\104\1.MOV,104,NO SUGAR,DRINK
clips\1\7.MOV,1,GOOD AFTERNOON,GREETING
clips\15\6.MOV,15,YES,SURVIVAL
clips\56\15.MOV,56,GRANDFATHER,FAMILY
clips\30\19.MOV,30,JANUARY,CALENDAR
clips\5\14.MOV,5,IM FINE,GREETING
clips\51\3.MOV,51,YESTERDAY,DAYS
clips\46\7.MOV,46,FRIDAY,DAYS
clips\17\4.MOV,17,CORRECT,SURVIVAL
clips\41\2.MOV,41,DECEMBER,CALENDAR
clips\56\0.MOV,56,GRANDFATHER,FAMILY
clips\48\7.MOV,48,SUNDAY,DAYS
clips\25\14.MOV,25,SIX,NUMBER
clips\84\1.MOV,84,DARK,COLOR
clips\3\13.MOV,3,HELLO,GREETING
clips\43\19.MOV,43,TUESDAY,DAYS
clips\74\6.MOV,74,RED,COLOR
clips\50\16.MOV,50,TOMORROW,DAYS
clips\29\7.MOV,29,TEN,NUMBER
clips\66\16.MOV,66,DEAF,RELATIONSHIPS
clips\53\4.MOV,53,MOTHER,FAMILY
clips\80\0.MOV,80,GRAY,COLOR
clips\48\15.MOV,48,SUNDAY,DAYS
clips\32\15.MOV,32,MARCH,CALENDAR
clips\2\14.MOV,2,GOOD EVENING,GREETING
clips\74\13.MOV,74,RED,COLOR
clips\42\16.MOV,42,MONDAY,DAYS
clips\34\1.MOV,34,MAY,CALENDAR
clips\55\0.MOV,55,DAUGHTER,FAMILY
clips\98\8.MOV,98,MILK,DRINK
clips\37\13.MOV,37,AUGUST,CALENDAR
clips\64\0.MOV,64,MAN,RELATIONSHIPS
clips\39\11.MOV,39,OCTOBER,CALENDAR
clips\56\10.MOV,56,GRANDFATHER,FAMILY
clips\2\15.MOV,2,GOOD EVENING,GREETING
clips\99\16.MOV,99,COFFEE,DRINK
clips\60\4.MOV,60,COUSIN,FAMILY
clips\71\10.MOV,71,MARRIED,RELATIONSHIPS
clips\94\5.MOV,94,CRAB,FOOD
clips\7\16.MOV,7,THANK YOU,GREETING
clips\55\8.MOV,55,DAUGHTER,FAMILY
clips\66\3.MOV,66,DEAF,RELATIONSHIPS
clips\63\8.MOV,63,GIRL,RELATIONSHIPS
clips\97\11.MOV,97,JUICE,DRINK
clips\23\14.MOV,23,FOUR,NUMBER
clips\18\14.MOV,18,SLOW,SURVIVAL
clips\66\7.MOV,66,DEAF,RELATIONSHIPS
clips\7\7.MOV,7,THANK YOU,GREETING
clips\40\4.MOV,40,NOVEMBER,CALENDAR
clips\25\17.MOV,25,SIX,NUMBER
clips\43\14.MOV,43,TUESDAY,DAYS
clips\18\3.MOV,18,SLOW,SURVIVAL
clips\21\7.MOV,21,TWO,NUMBER
clips\95\14.MOV,95,HOT,DRINK
clips\81\9.MOV,81,PINK,COLOR
clips\24\14.MOV,24,FIVE,NUMBER
clips\27\19.MOV,27,EIGHT,NUMBER
clips\20\18.MOV,20,ONE,NUMBER
clips\104\9.MOV,104,NO SUGAR,DRINK
clips\52\16.MOV,52,FATHER,FAMILY
clips\49\16.MOV,49,TODAY,DAYS
clips\104\8.MOV,104,NO SUGAR,DRINK
clips\44\1.MOV,44,WEDNESDAY,DAYS
clips\14\1.MOV,14,NO,SURVIVAL
clips\5\2.MOV,5,IM FINE,GREETING
clips\11\11.MOV,11,DON’T UNDERSTAND,SURVIVAL
clips\35\7.MOV,35,JUNE,CALENDAR
clips\18\4.MOV,18,SLOW,SURVIVAL
clips\21\1.MOV,21,TWO,NUMBER
clips\92\9.MOV,92,LONGANISA,FOOD
clips\8\7.MOV,8,YOURE WELCOME,GREETING
clips\38\1.MOV,38,SEPTEMBER,CALENDAR
clips\102\2.MOV,102,WINE,DRINK
clips\98\1.MOV,98,MILK,DRINK
clips\66\20.MOV,66,DEAF,RELATIONSHIPS
clips\44\5.MOV,44,WEDNESDAY,DAYS
clips\37\17.MOV,37,AUGUST,CALENDAR
clips\78\6.MOV,78,YELLOW,COLOR
clips\65\19.MOV,65,WOMAN,RELATIONSHIPS
clips\33\8.MOV,33,APRIL,CALENDAR
clips\25\2.MOV,25,SIX,NUMBER
clips\66\10.MOV,66,DEAF,RELATIONSHIPS
clips\79\8.MOV,79,ORANGE,COLOR
clips\91\3.MOV,91,RICE,FOOD
clips\91\16.MOV,91,RICE,FOOD
clips\60\13.MOV,60,COUSIN,FAMILY
clips\77\10.MOV,77,WHITE,COLOR
clips\85\11.MOV,85,BREAD,FOOD
clips\49\6.MOV,49,TODAY,DAYS
clips\57\15.MOV,57,GRANDMOTHER,FAMILY
clips\103\1.MOV,103,SUGAR,DRINK
clips\97\4.MOV,97,JUICE,DRINK
clips\21\4.MOV,21,TWO,NUMBER
clips\57\5.MOV,57,GRANDMOTHER,FAMILY
clips\63\3.MOV,63,GIRL,RELATIONSHIPS
clips\38\13.MOV,38,SEPTEMBER,CALENDAR
clips\87\9.MOV,87,FISH,FOOD
clips\31\13.MOV,31,FEBRUARY,CALENDAR
clips\91\2.MOV,91,RICE,FOOD
clips\79\10.MOV,79,ORANGE,COLOR
clips\20\10.MOV,20,ONE,NUMBER
clips\48\18.MOV,48,SUNDAY,DAYS
clips\9\14.MOV,9,SEE YOU TOMORROW,GREETING
clips\64\7.MOV,64,MAN,RELATIONSHIPS
clips\49\7.MOV,49,TODAY,DAYS
clips\85\1.MOV,85,BREAD,FOOD
clips\46\19.MOV,46,FRIDAY,DAYS
clips\17\11.MOV,17,CORRECT,SURVIVAL
clips\2\1.MOV,2,GOOD EVENING,GREETING
clips\84\7.MOV,84,DARK,COLOR
clips\75\13.MOV,75,BROWN,COLOR
clips\26\20.MOV,26,SEVEN,NUMBER
clips\27\13.MOV,27,EIGHT,NUMBER
clips\85\12.MOV,85,BREAD,FOOD
clips\73\4.MOV,73,GREEN,COLOR
clips\45\18.MOV,45,THURSDAY,DAYS
clips\74\12.MOV,74,RED,COLOR
clips\86\11.MOV,86,EGG,FOOD
clips\69\13.MOV,69,BLIND,RELATIONSHIPS
clips\38\4.MOV,38,SEPTEMBER,CALENDAR
clips\103\14.MOV,103,SUGAR,DRINK
clips\26\15.MOV,26,SEVEN,NUMBER
clips\96\15.MOV,96,COLD,DRINK
clips\93\1.MOV,93,SHRIMP,FOOD
clips\50\9.MOV,50,TOMORROW,DAYS
clips\22\18.MOV,22,THREE,NUMBER
clips\55\12.MOV,55,DAUGHTER,FAMILY
clips\49\15.MOV,49,TODAY,DAYS
clips\93\7.MOV,93,SHRIMP,FOOD
clips\40\15.MOV,40,NOVEMBER,CALENDAR
clips\88\14.MOV,88,MEAT,FOOD
clips\50\7.MOV,50,TOMORROW,DAYS
clips\63\5.MOV,63,GIRL,RELATIONSHIPS
clips\50\12.MOV,50,TOMORROW,DAYS
clips\79\16.MOV,79,ORANGE,COLOR
clips\27\11.MOV,27,EIGHT,NUMBER
clips\72\6.MOV,72,BLUE,COLOR
clips\66\17.MOV,66,DEAF,RELATIONSHIPS
clips\43\9.MOV,43,TUESDAY,DAYS
clips\65\9.MOV,65,WOMAN,RELATIONSHIPS
clips\49\14.MOV,49,TODAY,DAYS
clips\57\2.MOV,57,GRANDMOTHER,FAMILY
clips\49\18.MOV,49,TODAY,DAYS
clips\99\11.MOV,99,COFFEE,DRINK
clips\4\16.MOV,4,HOW ARE YOU,GREETING
clips\18\13.MOV,18,SLOW,SURVIVAL
clips\103\15.MOV,103,SUGAR,DRINK
clips\9\6.MOV,9,SEE YOU TOMORROW,GREETING
clips\77\2.MOV,77,WHITE,COLOR
clips\40\6.MOV,40,NOVEMBER,CALENDAR
clips\3\7.MOV,3,HELLO,GREETING
clips\66\9.MOV,66,DEAF,RELATIONSHIPS
clips\48\12.MOV,48,SUNDAY,DAYS
clips\57\10.MOV,57,GRANDMOTHER,FAMILY
clips\1\12.MOV,1,GOOD AFTERNOON,GREETING
clips\89\2.MOV,89,CHICKEN,FOOD
clips\28\2.MOV,28,NINE ,NUMBER
clips\101\15.MOV,101,BEER,DRINK
clips\90\18.MOV,90,SPAGHETTI,FOOD
clips\23\0.MOV,23,FOUR,NUMBER
clips\34\12.MOV,34,MAY,CALENDAR
clips\51\13.MOV,51,YESTERDAY,DAYS
clips\68\9.MOV,68,WEELCHAIR PERSON,RELATIONSHIPS
clips\43\18.MOV,43,TUESDAY,DAYS
clips\89\7.MOV,89,CHICKEN,FOOD
clips\22\0.MOV,22,THREE,NUMBER
clips\92\2.MOV,92,LONGANISA,FOOD
clips\7\15.MOV,7,THANK YOU,GREETING
clips\82\16.MOV,82,VIOLET,COLOR
clips\88\12.MOV,88,MEAT,FOOD
clips\49\10.MOV,49,TODAY,DAYS
clips\81\6.MOV,81,PINK,COLOR
clips\71\8.MOV,71,MARRIED,RELATIONSHIPS
clips\63\6.MOV,63,GIRL,RELATIONSHIPS
clips\84\10.MOV,84,DARK,COLOR
clips\16\12.MOV,16,WRONG,SURVIVAL
clips\26\4.MOV,26,SEVEN,NUMBER
clips\45\11.MOV,45,THURSDAY,DAYS
clips\79\18.MOV,79,ORANGE,COLOR
clips\90\8.MOV,90,SPAGHETTI,FOOD
clips\37\10.MOV,37,AUGUST,CALENDAR
clips\45\14.MOV,45,THURSDAY,DAYS
clips\76\14.MOV,76,BLACK,COLOR
clips\61\3.MOV,61,PARENTS,FAMILY
clips\103\3.MOV,103,SUGAR,DRINK
clips\67\8.MOV,67,HARD OF HEARING,RELATIONSHIPS
clips\27\1.MOV,27,EIGHT,NUMBER
clips\101\5.MOV,101,BEER,DRINK
clips\39\2.MOV,39,OCTOBER,CALENDAR
clips\3\4.MOV,3,HELLO,GREETING
clips\47\11.MOV,47,SATURDAY,DAYS
clips\79\1.MOV,79,ORANGE,COLOR
clips\103\17.MOV,103,SUGAR,DRINK
clips\72\17.MOV,72,BLUE,COLOR
clips\16\5.MOV,16,WRONG,SURVIVAL
clips\93\9.MOV,93,SHRIMP,FOOD
clips\103\7.MOV,103,SUGAR,DRINK
clips\6\3.MOV,6,NICE TO MEET YOU,GREETING
clips\61\1.MOV,61,PARENTS,FAMILY
clips\104\5.MOV,104,NO SUGAR,DRINK
clips\44\16.MOV,44,WEDNESDAY,DAYS
clips\10\0.MOV,10,UNDERSTAND,SURVIVAL
clips\90\3.MOV,90,SPAGHETTI,FOOD
clips\71\2.MOV,71,MARRIED,RELATIONSHIPS
clips\3\6.MOV,3,HELLO,GREETING
clips\51\0.MOV,51,YESTERDAY,DAYS
clips\43\11.MOV,43,TUESDAY,DAYS
clips\53\15.MOV,53,MOTHER,FAMILY
clips\58\16.MOV,58,UNCLE,FAMILY
clips\44\0.MOV,44,WEDNESDAY,DAYS
clips\10\3.MOV,10,UNDERSTAND,SURVIVAL
clips\41\21.MOV,41,DECEMBER,CALENDAR
clips\6\14.MOV,6,NICE TO MEET YOU,GREETING
clips\75\4.MOV,75,BROWN,COLOR
clips\43\17.MOV,43,TUESDAY,DAYS
clips\73\16.MOV,73,GREEN,COLOR
clips\91\8.MOV,91,RICE,FOOD
clips\29\15.MOV,29,TEN,NUMBER
clips\47\17.MOV,47,SATURDAY,DAYS
clips\88\7.MOV,88,MEAT,FOOD
clips\89\16.MOV,89,CHICKEN,FOOD
clips\58\1.MOV,58,UNCLE,FAMILY
clips\34\10.MOV,34,MAY,CALENDAR
clips\91\7.MOV,91,RICE,FOOD
clips\33\13.MOV,33,APRIL,CALENDAR
clips\10\14.MOV,10,UNDERSTAND,SURVIVAL
clips\36\13.MOV,36,JULY,CALENDAR
clips\93\17.MOV,93,SHRIMP,FOOD
clips\103\16.MOV,103,SUGAR,DRINK
clips\60\10.MOV,60,COUSIN,FAMILY
clips\97\12.MOV,97,JUICE,DRINK
clips\86\9.MOV,86,EGG,FOOD
clips\24\9.MOV,24,FIVE,NUMBER
clips\100\8.MOV,100,TEA,DRINK
clips\45\0.MOV,45,THURSDAY,DAYS
clips\29\5.MOV,29,TEN,NUMBER
clips\87\19.MOV,87,FISH,FOOD
clips\17\8.MOV,17,CORRECT,SURVIVAL
clips\81\12.MOV,81,PINK,COLOR
clips\77\11.MOV,77,WHITE,COLOR
clips\96\12.MOV,96,COLD,DRINK
clips\40\2.MOV,40,NOVEMBER,CALENDAR
clips\52\14.MOV,52,FATHER,FAMILY
clips\8\11.MOV,8,YOURE WELCOME,GREETING
clips\76\0.MOV,76,BLACK,COLOR
clips\79\11.MOV,79,ORANGE,COLOR
clips\90\17.MOV,90,SPAGHETTI,FOOD
clips\73\5.MOV,73,GREEN,COLOR
clips\35\4.MOV,35,JUNE,CALENDAR
clips\30\15.MOV,30,JANUARY,CALENDAR
clips\31\2.MOV,31,FEBRUARY,CALENDAR
clips\11\8.MOV,11,DON’T UNDERSTAND,SURVIVAL
clips\33\17.MOV,33,APRIL,CALENDAR
clips\25\12.MOV,25,SIX,NUMBER
clips\49\19.MOV,49,TODAY,DAYS
clips\99\6.MOV,99,COFFEE,DRINK
clips\51\19.MOV,51,YESTERDAY,DAYS
clips\51\12.MOV,51,YESTERDAY,DAYS
clips\38\19.MOV,38,SEPTEMBER,CALENDAR
clips\86\6.MOV,86,EGG,FOOD
clips\16\14.MOV,16,WRONG,SURVIVAL
clips\13\11.MOV,13,DON’T KNOW,SURVIVAL
clips\16\7.MOV,16,WRONG,SURVIVAL
clips\28\6.MOV,28,NINE ,NUMBER
clips\68\17.MOV,68,WEELCHAIR PERSON,RELATIONSHIPS
clips\26\13.MOV,26,SEVEN,NUMBER
clips\102\17.MOV,102,WINE,DRINK
clips\82\5.MOV,82,VIOLET,COLOR
clips\76\15.MOV,76,BLACK,COLOR
clips\63\0.MOV,63,GIRL,RELATIONSHIPS
clips\102\4.MOV,102,WINE,DRINK
clips\64\15.MOV,64,MAN,RELATIONSHIPS
clips\7\5.MOV,7,THANK YOU,GREETING
clips\57\9.MOV,57,GRANDMOTHER,FAMILY
clips\103\9.MOV,103,SUGAR,DRINK
clips\102\13.MOV,102,WINE,DRINK
clips\89\11.MOV,89,CHICKEN,FOOD
clips\36\17.MOV,36,JULY,CALENDAR
clips\19\1.MOV,19,FAST,SURVIVAL
clips\4\5.MOV,4,HOW ARE YOU,GREETING
clips\61\9.MOV,61,PARENTS,FAMILY
clips\26\11.MOV,26,SEVEN,NUMBER
clips\75\10.MOV,75,BROWN,COLOR
clips\29\13.MOV,29,TEN,NUMBER
clips\38\6.MOV,38,SEPTEMBER,CALENDAR
clips\53\10.MOV,53,MOTHER,FAMILY
clips\104\13.MOV,104,NO SUGAR,DRINK
clips\49\11.MOV,49,TODAY,DAYS
clips\92\15.MOV,92,LONGANISA,FOOD
clips\103\18.MOV,103,SUGAR,DRINK
clips\69\2.MOV,69,BLIND,RELATIONSHIPS
clips\62\16.MOV,62,BOY,RELATIONSHIPS
clips\84\15.MOV,84,DARK,COLOR
clips\63\16.MOV,63,GIRL,RELATIONSHIPS
clips\46\17.MOV,46,FRIDAY,DAYS
clips\74\3.MOV,74,RED,COLOR
clips\21\8.MOV,21,TWO,NUMBER
clips\100\6.MOV,100,TEA,DRINK
clips\30\4.MOV,30,JANUARY,CALENDAR
clips\70\0.MOV,70,DEAF BLIND,RELATIONSHIPS
clips\80\13.MOV,80,GRAY,COLOR
clips\91\12.MOV,91,RICE,FOOD
clips\100\13.MOV,100,TEA,DRINK
clips\58\18.MOV,58,UNCLE,FAMILY
clips\31\0.MOV,31,FEBRUARY,CALENDAR
clips\83\7.MOV,83,LIGHT,COLOR
clips\2\0.MOV,2,GOOD EVENING,GREETING
clips\76\12.MOV,76,BLACK,COLOR
clips\40\0.MOV,40,NOVEMBER,CALENDAR
clips\43\12.MOV,43,TUESDAY,DAYS
clips\26\0.MOV,26,SEVEN,NUMBER
clips\71\3.MOV,71,MARRIED,RELATIONSHIPS
clips\96\9.MOV,96,COLD,DRINK
clips\51\2.MOV,51,YESTERDAY,DAYS
clips\53\0.MOV,53,MOTHER,FAMILY
clips\77\16.MOV,77,WHITE,COLOR
clips\73\10.MOV,73,GREEN,COLOR
clips\10\12.MOV,10,UNDERSTAND,SURVIVAL
clips\41\0.MOV,41,DECEMBER,CALENDAR
clips\90\6.MOV,90,SPAGHETTI,FOOD
clips\75\16.MOV,75,BROWN,COLOR
clips\64\16.MOV,64,MAN,RELATIONSHIPS
clips\12\2.MOV,12,KNOW,SURVIVAL
clips\2\10.MOV,2,GOOD EVENING,GREETING
clips\27\18.MOV,27,EIGHT,NUMBER
clips\49\5.MOV,49,TODAY,DAYS
clips\43\10.MOV,43,TUESDAY,DAYS
clips\6\13.MOV,6,NICE TO MEET YOU,GREETING
clips\22\14.MOV,22,THREE,NUMBER
clips\27\4.MOV,27,EIGHT,NUMBER
clips\10\5.MOV,10,UNDERSTAND,SURVIVAL
clips\39\16.MOV,39,OCTOBER,CALENDAR
clips\87\11.MOV,87,FISH,FOOD
clips\103\4.MOV,103,SUGAR,DRINK
clips\75\3.MOV,75,BROWN,COLOR
clips\32\8.MOV,32,MARCH,CALENDAR
clips\11\7.MOV,11,DON’T UNDERSTAND,SURVIVAL
clips\101\7.MOV,101,BEER,DRINK
clips\46\4.MOV,46,FRIDAY,DAYS
clips\16\17.MOV,16,WRONG,SURVIVAL
clips\15\5.MOV,15,YES,SURVIVAL
clips\81\15.MOV,81,PINK,COLOR
clips\12\12.MOV,12,KNOW,SURVIVAL
clips\9\2.MOV,9,SEE YOU TOMORROW,GREETING
clips\17\1.MOV,17,CORRECT,SURVIVAL
clips\80\15.MOV,80,GRAY,COLOR
clips\47\0.MOV,47,SATURDAY,DAYS
clips\93\15.MOV,93,SHRIMP,FOOD
clips\84\19.MOV,84,DARK,COLOR
clips\27\12.MOV,27,EIGHT,NUMBER
clips\29\18.MOV,29,TEN,NUMBER
clips\87\1.MOV,87,FISH,FOOD
clips\17\0.MOV,17,CORRECT,SURVIVAL
clips\23\17.MOV,23,FOUR,NUMBER
clips\78\4.MOV,78,YELLOW,COLOR
clips\36\19.MOV,36,JULY,CALENDAR
clips\65\4.MOV,65,WOMAN,RELATIONSHIPS
clips\27\14.MOV,27,EIGHT,NUMBER
clips\82\14.MOV,82,VIOLET,COLOR
clips\13\6.MOV,13,DON’T KNOW,SURVIVAL
clips\104\14.MOV,104,NO SUGAR,DRINK
clips\69\7.MOV,69,BLIND,RELATIONSHIPS
clips\3\19.MOV,3,HELLO,GREETING
clips\23\1.MOV,23,FOUR,NUMBER
clips\74\18.MOV,74,RED,COLOR
clips\6\21.MOV,6,NICE TO MEET YOU,GREETING
clips\32\19.MOV,32,MARCH,CALENDAR
clips\5\12.MOV,5,IM FINE,GREETING
clips\44\14.MOV,44,WEDNESDAY,DAYS
clips\2\2.MOV,2,GOOD EVENING,GREETING
clips\38\3.MOV,38,SEPTEMBER,CALENDAR
clips\98\6.MOV,98,MILK,DRINK
clips\52\13.MOV,52,FATHER,FAMILY
clips\24\10.MOV,24,FIVE,NUMBER
clips\18\1.MOV,18,SLOW,SURVIVAL
clips\87\3.MOV,87,FISH,FOOD
clips\57\18.MOV,57,GRANDMOTHER,FAMILY
clips\8\15.MOV,8,YOURE WELCOME,GREETING
clips\2\8.MOV,2,GOOD EVENING,GREETING
clips\14\19.MOV,14,NO,SURVIVAL
clips\54\3.MOV,54,SON,FAMILY
clips\9\5.MOV,9,SEE YOU TOMORROW,GREETING
clips\53\18.MOV,53,MOTHER,FAMILY
clips\35\9.MOV,35,JUNE,CALENDAR
clips\85\8.MOV,85,BREAD,FOOD
clips\66\5.MOV,66,DEAF,RELATIONSHIPS
clips\93\13.MOV,93,SHRIMP,FOOD
clips\31\16.MOV,31,FEBRUARY,CALENDAR
clips\32\12.MOV,32,MARCH,CALENDAR
clips\19\17.MOV,19,FAST,SURVIVAL
clips\97\9.MOV,97,JUICE,DRINK
clips\19\16.MOV,19,FAST,SURVIVAL
clips\3\3.MOV,3,HELLO,GREETING
clips\22\12.MOV,22,THREE,NUMBER
clips\53\5.MOV,53,MOTHER,FAMILY
clips\7\4.MOV,7,THANK YOU,GREETING
clips\71\19.MOV,71,MARRIED,RELATIONSHIPS
clips\101\11.MOV,101,BEER,DRINK
clips\45\10.MOV,45,THURSDAY,DAYS
clips\19\2.MOV,19,FAST,SURVIVAL
clips\50\18.MOV,50,TOMORROW,DAYS
clips\103\0.MOV,103,SUGAR,DRINK
clips\102\1.MOV,102,WINE,DRINK
clips\5\19.MOV,5,IM FINE,GREETING
clips\79\5.MOV,79,ORANGE,COLOR
clips\100\1.MOV,100,TEA,DRINK
clips\54\4.MOV,54,SON,FAMILY
clips\32\14.MOV,32,MARCH,CALENDAR
clips\42\19.MOV,42,MONDAY,DAYS
clips\88\4.MOV,88,MEAT,FOOD
clips\32\3.MOV,32,MARCH,CALENDAR
clips\36\14.MOV,36,JULY,CALENDAR
clips\20\1.MOV,20,ONE,NUMBER
clips\26\2.MOV,26,SEVEN,NUMBER
clips\72\0.MOV,72,BLUE,COLOR
clips\98\0.MOV,98,MILK,DRINK
clips\17\18.MOV,17,CORRECT,SURVIVAL
clips\48\19.MOV,48,SUNDAY,DAYS
clips\85\18.MOV,85,BREAD,FOOD
clips\99\4.MOV,99,COFFEE,DRINK
clips\70\3.MOV,70,DEAF BLIND,RELATIONSHIPS
clips\7\3.MOV,7,THANK YOU,GREETING
clips\63\18.MOV,63,GIRL,RELATIONSHIPS
clips\98\16.MOV,98,MILK,DRINK
clips\90\19.MOV,90,SPAGHETTI,FOOD
clips\94\7.MOV,94,CRAB,FOOD
clips\29\0.MOV,29,TEN,NUMBER
clips\39\4.MOV,39,OCTOBER,CALENDAR
clips\68\13.MOV,68,WEELCHAIR PERSON,RELATIONSHIPS
clips\78\14.MOV,78,YELLOW,COLOR
clips\96\3.MOV,96,COLD,DRINK
clips\39\3.MOV,39,OCTOBER,CALENDAR
clips\21\2.MOV,21,TWO,NUMBER
clips\3\12.MOV,3,HELLO,GREETING
clips\10\8.MOV,10,UNDERSTAND,SURVIVAL
clips\40\16.MOV,40,NOVEMBER,CALENDAR
clips\102\7.MOV,102,WINE,DRINK
clips\51\1.MOV,51,YESTERDAY,DAYS
clips\41\10.MOV,41,DECEMBER,CALENDAR
clips\0\5.MOV,0,GOOD MORNING,GREETING
clips\8\2.MOV,8,YOURE WELCOME,GREETING
clips\91\15.MOV,91,RICE,FOOD
clips\31\12.MOV,31,FEBRUARY,CALENDAR
clips\60\0.MOV,60,COUSIN,FAMILY
clips\66\11.MOV,66,DEAF,RELATIONSHIPS
clips\30\17.MOV,30,JANUARY,CALENDAR
clips\39\6.MOV,39,OCTOBER,CALENDAR
clips\54\6.MOV,54,SON,FAMILY
clips\70\2.MOV,70,DEAF BLIND,RELATIONSHIPS
clips\6\8.MOV,6,NICE TO MEET YOU,GREETING
clips\63\2.MOV,63,GIRL,RELATIONSHIPS
clips\71\16.MOV,71,MARRIED,RELATIONSHIPS
clips\88\19.MOV,88,MEAT,FOOD
clips\34\15.MOV,34,MAY,CALENDAR
clips\77\13.MOV,77,WHITE,COLOR
clips\39\10.MOV,39,OCTOBER,CALENDAR
clips\68\16.MOV,68,WEELCHAIR PERSON,RELATIONSHIPS
clips\3\15.MOV,3,HELLO,GREETING
clips\40\1.MOV,40,NOVEMBER,CALENDAR
clips\58\11.MOV,58,UNCLE,FAMILY
clips\59\2.MOV,59,AUNTIE,FAMILY
clips\73\11.MOV,73,GREEN,COLOR
clips\76\13.MOV,76,BLACK,COLOR
clips\5\0.MOV,5,IM FINE,GREETING
clips\52\9.MOV,52,FATHER,FAMILY
clips\91\0.MOV,91,RICE,FOOD
clips\97\18.MOV,97,JUICE,DRINK
clips\49\17.MOV,49,TODAY,DAYS
clips\0\2.MOV,0,GOOD MORNING,GREETING
clips\10\2.MOV,10,UNDERSTAND,SURVIVAL
clips\74\19.MOV,74,RED,COLOR
clips\40\20.MOV,40,NOVEMBER,CALENDAR
clips\33\1.MOV,33,APRIL,CALENDAR
clips\14\2.MOV,14,NO,SURVIVAL
clips\52\17.MOV,52,FATHER,FAMILY
clips\55\11.MOV,55,DAUGHTER,FAMILY
clips\33\10.MOV,33,APRIL,CALENDAR
clips\2\17.MOV,2,GOOD EVENING,GREETING
clips\1\5.MOV,1,GOOD AFTERNOON,GREETING
clips\62\20.MOV,62,BOY,RELATIONSHIPS
clips\75\7.MOV,75,BROWN,COLOR
clips\83\17.MOV,83,LIGHT,COLOR
clips\72\11.MOV,72,BLUE,COLOR
clips\5\11.MOV,5,IM FINE,GREETING
clips\44\15.MOV,44,WEDNESDAY,DAYS
clips\56\11.MOV,56,GRANDFATHER,FAMILY
clips\7\1.MOV,7,THANK YOU,GREETING
clips\61\16.MOV,61,PARENTS,FAMILY
clips\102\3.MOV,102,WINE,DRINK
clips\17\19.MOV,17,CORRECT,SURVIVAL
clips\30\0.MOV,30,JANUARY,CALENDAR
clips\54\10.MOV,54,SON,FAMILY
clips\30\14.MOV,30,JANUARY,CALENDAR
clips\0\7.MOV,0,GOOD MORNING,GREETING
clips\8\4.MOV,8,YOURE WELCOME,GREETING
clips\15\15.MOV,15,YES,SURVIVAL
clips\4\2.MOV,4,HOW ARE YOU,GREETING
clips\97\1.MOV,97,JUICE,DRINK
clips\14\18.MOV,14,NO,SURVIVAL
clips\41\6.MOV,41,DECEMBER,CALENDAR
clips\28\13.MOV,28,NINE ,NUMBER
clips\35\12.MOV,35,JUNE,CALENDAR
clips\104\4.MOV,104,NO SUGAR,DRINK
clips\63\9.MOV,63,GIRL,RELATIONSHIPS
clips\96\13.MOV,96,COLD,DRINK
clips\77\0.MOV,77,WHITE,COLOR
clips\57\11.MOV,57,GRANDMOTHER,FAMILY
clips\76\19.MOV,76,BLACK,COLOR
clips\99\2.MOV,99,COFFEE,DRINK
clips\14\15.MOV,14,NO,SURVIVAL
clips\59\4.MOV,59,AUNTIE,FAMILY
clips\68\10.MOV,68,WEELCHAIR PERSON,RELATIONSHIPS
clips\87\4.MOV,87,FISH,FOOD
clips\101\12.MOV,101,BEER,DRINK
clips\53\7.MOV,53,MOTHER,FAMILY
clips\95\8.MOV,95,HOT,DRINK
clips\90\13.MOV,90,SPAGHETTI,FOOD
clips\28\19.MOV,28,NINE ,NUMBER
clips\80\2.MOV,80,GRAY,COLOR
clips\98\11.MOV,98,MILK,DRINK
clips\51\14.MOV,51,YESTERDAY,DAYS
clips\1\18.MOV,1,GOOD AFTERNOON,GREETING
clips\99\5.MOV,99,COFFEE,DRINK
clips\7\9.MOV,7,THANK YOU,GREETING
clips\22\15.MOV,22,THREE,NUMBER
clips\98\12.MOV,98,MILK,DRINK
clips\100\0.MOV,100,TEA,DRINK
clips\14\14.MOV,14,NO,SURVIVAL
clips\6\4.MOV,6,NICE TO MEET YOU,GREETING
clips\82\6.MOV,82,VIOLET,COLOR
clips\67\0.MOV,67,HARD OF HEARING,RELATIONSHIPS
clips\80\8.MOV,80,GRAY,COLOR
clips\45\3.MOV,45,THURSDAY,DAYS
clips\0\15.MOV,0,GOOD MORNING,GREETING
clips\29\16.MOV,29,TEN,NUMBER
clips\25\15.MOV,25,SIX,NUMBER
clips\57\1.MOV,57,GRANDMOTHER,FAMILY
clips\73\6.MOV,73,GREEN,COLOR
clips\93\18.MOV,93,SHRIMP,FOOD
clips\38\12.MOV,38,SEPTEMBER,CALENDAR
clips\36\16.MOV,36,JULY,CALENDAR
clips\42\9.MOV,42,MONDAY,DAYS
clips\69\18.MOV,69,BLIND,RELATIONSHIPS
clips\80\10.MOV,80,GRAY,COLOR
clips\34\0.MOV,34,MAY,CALENDAR
clips\28\16.MOV,28,NINE ,NUMBER
clips\45\6.MOV,45,THURSDAY,DAYS
clips\22\17.MOV,22,THREE,NUMBER
clips\12\16.MOV,12,KNOW,SURVIVAL
clips\24\0.MOV,24,FIVE,NUMBER
clips\81\3.MOV,81,PINK,COLOR
clips\89\6.MOV,89,CHICKEN,FOOD
clips\92\13.MOV,92,LONGANISA,FOOD
clips\60\5.MOV,60,COUSIN,FAMILY
clips\89\9.MOV,89,CHICKEN,FOOD
clips\12\9.MOV,12,KNOW,SURVIVAL
clips\53\11.MOV,53,MOTHER,FAMILY
clips\46\14.MOV,46,FRIDAY,DAYS
clips\71\11.MOV,71,MARRIED,RELATIONSHIPS
clips\24\11.MOV,24,FIVE,NUMBER
clips\70\16.MOV,70,DEAF BLIND,RELATIONSHIPS
clips\21\12.MOV,21,TWO,NUMBER
clips\82\18.MOV,82,VIOLET,COLOR
clips\99\1.MOV,99,COFFEE,DRINK
clips\14\6.MOV,14,NO,SURVIVAL
clips\66\8.MOV,66,DEAF,RELATIONSHIPS
clips\91\18.MOV,91,RICE,FOOD
clips\69\4.MOV,69,BLIND,RELATIONSHIPS
clips\48\0.MOV,48,SUNDAY,DAYS
clips\9\12.MOV,9,SEE YOU TOMORROW,GREETING
clips\40\9.MOV,40,NOVEMBER,CALENDAR
clips\72\1.MOV,72,BLUE,COLOR
clips\35\1.MOV,35,JUNE,CALENDAR
clips\11\20.MOV,11,DON’T UNDERSTAND,SURVIVAL
clips\95\10.MOV,95,HOT,DRINK
clips\43\8.MOV,43,TUESDAY,DAYS
clips\80\11.MOV,80,GRAY,COLOR
clips\80\7.MOV,80,GRAY,COLOR
clips\38\14.MOV,38,SEPTEMBER,CALENDAR
clips\31\5.MOV,31,FEBRUARY,CALENDAR
clips\94\10.MOV,94,CRAB,FOOD
clips\30\16.MOV,30,JANUARY,CALENDAR
clips\31\11.MOV,31,FEBRUARY,CALENDAR
clips\61\12.MOV,61,PARENTS,FAMILY
clips\58\6.MOV,58,UNCLE,FAMILY
clips\3\16.MOV,3,HELLO,GREETING
clips\49\0.MOV,49,TODAY,DAYS
clips\75\9.MOV,75,BROWN,COLOR
clips\44\17.MOV,44,WEDNESDAY,DAYS
clips\92\6.MOV,92,LONGANISA,FOOD
clips\59\6.MOV,59,AUNTIE,FAMILY
clips\80\5.MOV,80,GRAY,COLOR
clips\17\20.MOV,17,CORRECT,SURVIVAL
clips\43\0.MOV,43,TUESDAY,DAYS
clips\55\19.MOV,55,DAUGHTER,FAMILY
clips\36\20.MOV,36,JULY,CALENDAR
clips\12\8.MOV,12,KNOW,SURVIVAL
clips\10\15.MOV,10,UNDERSTAND,SURVIVAL
clips\64\12.MOV,64,MAN,RELATIONSHIPS
clips\30\6.MOV,30,JANUARY,CALENDAR
clips\73\17.MOV,73,GREEN,COLOR
clips\39\1.MOV,39,OCTOBER,CALENDAR
clips\96\0.MOV,96,COLD,DRINK
clips\28\14.MOV,28,NINE ,NUMBER
clips\84\2.MOV,84,DARK,COLOR
clips\101\17.MOV,101,BEER,DRINK
clips\104\15.MOV,104,NO SUGAR,DRINK
clips\1\9.MOV,1,GOOD AFTERNOON,GREETING
clips\85\10.MOV,85,BREAD,FOOD
clips\46\2.MOV,46,FRIDAY,DAYS
clips\99\18.MOV,99,COFFEE,DRINK
clips\81\11.MOV,81,PINK,COLOR
clips\39\17.MOV,39,OCTOBER,CALENDAR
clips\101\1.MOV,101,BEER,DRINK
clips\90\4.MOV,90,SPAGHETTI,FOOD
clips\24\1.MOV,24,FIVE,NUMBER
clips\32\10.MOV,32,MARCH,CALENDAR
clips\30\13.MOV,30,JANUARY,CALENDAR
clips\35\14.MOV,35,JUNE,CALENDAR
clips\52\4.MOV,52,FATHER,FAMILY
clips\42\1.MOV,42,MONDAY,DAYS
clips\76\7.MOV,76,BLACK,COLOR
clips\46\6.MOV,46,FRIDAY,DAYS
clips\74\4.MOV,74,RED,COLOR
clips\4\15.MOV,4,HOW ARE YOU,GREETING
clips\35\16.MOV,35,JUNE,CALENDAR
clips\101\18.MOV,101,BEER,DRINK
clips\92\14.MOV,92,LONGANISA,FOOD
clips\11\2.MOV,11,DON’T UNDERSTAND,SURVIVAL
clips\6\19.MOV,6,NICE TO MEET YOU,GREETING
clips\84\5.MOV,84,DARK,COLOR
clips\59\13.MOV,59,AUNTIE,FAMILY
clips\28\8.MOV,28,NINE ,NUMBER
clips\92\18.MOV,92,LONGANISA,FOOD
clips\38\0.MOV,38,SEPTEMBER,CALENDAR
clips\34\8.MOV,34,MAY,CALENDAR
clips\65\15.MOV,65,WOMAN,RELATIONSHIPS
clips\8\5.MOV,8,YOURE WELCOME,GREETING
clips\88\15.MOV,88,MEAT,FOOD
clips\78\13.MOV,78,YELLOW,COLOR
clips\103\11.MOV,103,SUGAR,DRINK
clips\96\17.MOV,96,COLD,DRINK
clips\54\18.MOV,54,SON,FAMILY
clips\82\8.MOV,82,VIOLET,COLOR
clips\41\15.MOV,41,DECEMBER,CALENDAR
clips\85\17.MOV,85,BREAD,FOOD
clips\8\18.MOV,8,YOURE WELCOME,GREETING
clips\26\18.MOV,26,SEVEN,NUMBER
clips\4\19.MOV,4,HOW ARE YOU,GREETING
clips\64\4.MOV,64,MAN,RELATIONSHIPS
clips\68\4.MOV,68,WEELCHAIR PERSON,RELATIONSHIPS
clips\39\12.MOV,39,OCTOBER,CALENDAR
clips\36\10.MOV,36,JULY,CALENDAR
clips\39\13.MOV,39,OCTOBER,CALENDAR
clips\0\18.MOV,0,GOOD MORNING,GREETING
clips\90\2.MOV,90,SPAGHETTI,FOOD
clips\39\9.MOV,39,OCTOBER,CALENDAR
clips\25\0.MOV,25,SIX,NUMBER
clips\82\19.MOV,82,VIOLET,COLOR
clips\52\3.MOV,52,FATHER,FAMILY
clips\75\1.MOV,75,BROWN,COLOR
clips\36\18.MOV,36,JULY,CALENDAR
clips\43\16.MOV,43,TUESDAY,DAYS
clips\8\17.MOV,8,YOURE WELCOME,GREETING
clips\92\0.MOV,92,LONGANISA,FOOD
clips\45\5.MOV,45,THURSDAY,DAYS
clips\28\5.MOV,28,NINE ,NUMBER
clips\0\6.MOV,0,GOOD MORNING,GREETING
clips\79\9.MOV,79,ORANGE,COLOR
clips\73\15.MOV,73,GREEN,COLOR
clips\26\6.MOV,26,SEVEN,NUMBER
clips\77\8.MOV,77,WHITE,COLOR
clips\94\9.MOV,94,CRAB,FOOD
clips\73\12.MOV,73,GREEN,COLOR
clips\74\2.MOV,74,RED,COLOR
clips\10\11.MOV,10,UNDERSTAND,SURVIVAL
clips\67\10.MOV,67,HARD OF HEARING,RELATIONSHIPS
clips\37\2.MOV,37,AUGUST,CALENDAR
clips\82\4.MOV,82,VIOLET,COLOR
clips\36\9.MOV,36,JULY,CALENDAR
clips\18\20.MOV,18,SLOW,SURVIVAL
clips\38\15.MOV,38,SEPTEMBER,CALENDAR
clips\1\4.MOV,1,GOOD AFTERNOON,GREETING
clips\28\15.MOV,28,NINE ,NUMBER
clips\66\19.MOV,66,DEAF,RELATIONSHIPS
clips\42\0.MOV,42,MONDAY,DAYS
clips\1\16.MOV,1,GOOD AFTERNOON,GREETING
clips\95\7.MOV,95,HOT,DRINK
clips\40\10.MOV,40,NOVEMBER,CALENDAR
clips\92\19.MOV,92,LONGANISA,FOOD
clips\59\16.MOV,59,AUNTIE,FAMILY
clips\16\11.MOV,16,WRONG,SURVIVAL
clips\97\5.MOV,97,JUICE,DRINK
clips\70\14.MOV,70,DEAF BLIND,RELATIONSHIPS
clips\76\18.MOV,76,BLACK,COLOR
clips\8\9.MOV,8,YOURE WELCOME,GREETING
clips\10\19.MOV,10,UNDERSTAND,SURVIVAL
clips\27\16.MOV,27,EIGHT,NUMBER
clips\103\10.MOV,103,SUGAR,DRINK
clips\28\4.MOV,28,NINE ,NUMBER
clips\24\7.MOV,24,FIVE,NUMBER
clips\35\2.MOV,35,JUNE,CALENDAR
clips\54\8.MOV,54,SON,FAMILY
clips\91\14.MOV,91,RICE,FOOD
clips\44\11.MOV,44,WEDNESDAY,DAYS
clips\16\2.MOV,16,WRONG,SURVIVAL
clips\46\15.MOV,46,FRIDAY,DAYS
clips\58\4.MOV,58,UNCLE,FAMILY
clips\67\17.MOV,67,HARD OF HEARING,RELATIONSHIPS
clips\50\13.MOV,50,TOMORROW,DAYS
clips\67\15.MOV,67,HARD OF HEARING,RELATIONSHIPS
clips\52\1.MOV,52,FATHER,FAMILY
clips\42\10.MOV,42,MONDAY,DAYS
clips\6\18.MOV,6,NICE TO MEET YOU,GREETING
clips\62\3.MOV,62,BOY,RELATIONSHIPS
clips\28\1.MOV,28,NINE ,NUMBER
clips\53\12.MOV,53,MOTHER,FAMILY
clips\18\11.MOV,18,SLOW,SURVIVAL
clips\41\5.MOV,41,DECEMBER,CALENDAR
clips\100\16.MOV,100,TEA,DRINK
clips\21\14.MOV,21,TWO,NUMBER
clips\83\14.MOV,83,LIGHT,COLOR
clips\39\14.MOV,39,OCTOBER,CALENDAR
clips\100\7.MOV,100,TEA,DRINK
clips\1\0.MOV,1,GOOD AFTERNOON,GREETING
clips\90\7.MOV,90,SPAGHETTI,FOOD
clips\4\14.MOV,4,HOW ARE YOU,GREETING
clips\10\17.MOV,10,UNDERSTAND,SURVIVAL
clips\54\5.MOV,54,SON,FAMILY
clips\62\1.MOV,62,BOY,RELATIONSHIPS
clips\2\7.MOV,2,GOOD EVENING,GREETING
clips\23\13.MOV,23,FOUR,NUMBER
clips\94\13.MOV,94,CRAB,FOOD
clips\39\15.MOV,39,OCTOBER,CALENDAR
clips\55\1.MOV,55,DAUGHTER,FAMILY
clips\94\11.MOV,94,CRAB,FOOD
clips\25\11.MOV,25,SIX,NUMBER
clips\16\13.MOV,16,WRONG,SURVIVAL
clips\60\11.MOV,60,COUSIN,FAMILY
clips\57\19.MOV,57,GRANDMOTHER,FAMILY
clips\45\7.MOV,45,THURSDAY,DAYS
clips\95\17.MOV,95,HOT,DRINK
clips\86\5.MOV,86,EGG,FOOD
clips\75\8.MOV,75,BROWN,COLOR
clips\37\7.MOV,37,AUGUST,CALENDAR
clips\5\9.MOV,5,IM FINE,GREETING
clips\12\18.MOV,12,KNOW,SURVIVAL
clips\20\0.MOV,20,ONE,NUMBER
clips\94\2.MOV,94,CRAB,FOOD
clips\34\17.MOV,34,MAY,CALENDAR
clips\95\4.MOV,95,HOT,DRINK
clips\89\17.MOV,89,CHICKEN,FOOD
clips\62\15.MOV,62,BOY,RELATIONSHIPS
clips\86\12.MOV,86,EGG,FOOD
clips\33\7.MOV,33,APRIL,CALENDAR
clips\89\1.MOV,89,CHICKEN,FOOD
clips\17\13.MOV,17,CORRECT,SURVIVAL
clips\5\6.MOV,5,IM FINE,GREETING
clips\73\3.MOV,73,GREEN,COLOR
clips\99\9.MOV,99,COFFEE,DRINK
clips\45\12.MOV,45,THURSDAY,DAYS
clips\96\8.MOV,96,COLD,DRINK
clips\18\6.MOV,18,SLOW,SURVIVAL
clips\90\9.MOV,90,SPAGHETTI,FOOD
clips\104\17.MOV,104,NO SUGAR,DRINK
clips\69\5.MOV,69,BLIND,RELATIONSHIPS
clips\4\9.MOV,4,HOW ARE YOU,GREETING
clips\75\2.MOV,75,BROWN,COLOR
clips\90\14.MOV,90,SPAGHETTI,FOOD
clips\13\4.MOV,13,DON’T KNOW,SURVIVAL
clips\96\4.MOV,96,COLD,DRINK
clips\41\4.MOV,41,DECEMBER,CALENDAR
clips\101\16.MOV,101,BEER,DRINK
clips\7\18.MOV,7,THANK YOU,GREETING
clips\91\5.MOV,91,RICE,FOOD
clips\17\21.MOV,17,CORRECT,SURVIVAL
clips\80\4.MOV,80,GRAY,COLOR
clips\28\12.MOV,28,NINE ,NUMBER
clips\84\18.MOV,84,DARK,COLOR
clips\94\19.MOV,94,CRAB,FOOD
clips\61\19.MOV,61,PARENTS,FAMILY
clips\16\0.MOV,16,WRONG,SURVIVAL
clips\83\8.MOV,83,LIGHT,COLOR
clips\22\1.MOV,22,THREE,NUMBER
clips\77\7.MOV,77,WHITE,COLOR
clips\65\2.MOV,65,WOMAN,RELATIONSHIPS
clips\78\11.MOV,78,YELLOW,COLOR
clips\48\13.MOV,48,SUNDAY,DAYS
clips\57\4.MOV,57,GRANDMOTHER,FAMILY
clips\21\5.MOV,21,TWO,NUMBER
clips\53\13.MOV,53,MOTHER,FAMILY
clips\78\18.MOV,78,YELLOW,COLOR
clips\66\12.MOV,66,DEAF,RELATIONSHIPS
clips\34\11.MOV,34,MAY,CALENDAR
clips\65\7.MOV,65,WOMAN,RELATIONSHIPS
clips\17\6.MOV,17,CORRECT,SURVIVAL
clips\1\2.MOV,1,GOOD AFTERNOON,GREETING
clips\0\19.MOV,0,GOOD MORNING,GREETING
clips\22\4.MOV,22,THREE,NUMBER
clips\79\15.MOV,79,ORANGE,COLOR
clips\61\11.MOV,61,PARENTS,FAMILY
clips\26\1.MOV,26,SEVEN,NUMBER
clips\43\13.MOV,43,TUESDAY,DAYS
clips\78\1.MOV,78,YELLOW,COLOR
clips\100\10.MOV,100,TEA,DRINK
clips\19\7.MOV,19,FAST,SURVIVAL
clips\59\0.MOV,59,AUNTIE,FAMILY
clips\17\17.MOV,17,CORRECT,SURVIVAL
clips\25\13.MOV,25,SIX,NUMBER
clips\51\8.MOV,51,YESTERDAY,DAYS
clips\4\13.MOV,4,HOW ARE YOU,GREETING
clips\34\2.MOV,34,MAY,CALENDAR
clips\101\19.MOV,101,BEER,DRINK
clips\92\17.MOV,92,LONGANISA,FOOD
clips\92\10.MOV,92,LONGANISA,FOOD
clips\1\17.MOV,1,GOOD AFTERNOON,GREETING
clips\104\3.MOV,104,NO SUGAR,DRINK
clips\48\9.MOV,48,SUNDAY,DAYS
clips\87\15.MOV,87,FISH,FOOD
clips\50\6.MOV,50,TOMORROW,DAYS
clips\72\8.MOV,72,BLUE,COLOR
clips\52\10.MOV,52,FATHER,FAMILY
clips\48\6.MOV,48,SUNDAY,DAYS
clips\13\3.MOV,13,DON’T KNOW,SURVIVAL
clips\68\2.MOV,68,WEELCHAIR PERSON,RELATIONSHIPS
clips\96\7.MOV,96,COLD,DRINK
clips\95\1.MOV,95,HOT,DRINK
clips\9\18.MOV,9,SEE YOU TOMORROW,GREETING
clips\18\8.MOV,18,SLOW,SURVIVAL
clips\46\18.MOV,46,FRIDAY,DAYS
clips\51\11.MOV,51,YESTERDAY,DAYS
clips\3\1.MOV,3,HELLO,GREETING
clips\9\4.MOV,9,SEE YOU TOMORROW,GREETING
clips\63\15.MOV,63,GIRL,RELATIONSHIPS
clips\80\1.MOV,80,GRAY,COLOR
clips\29\1.MOV,29,TEN,NUMBER
clips\59\7.MOV,59,AUNTIE,FAMILY
clips\93\6.MOV,93,SHRIMP,FOOD
clips\22\7.MOV,22,THREE,NUMBER
clips\51\17.MOV,51,YESTERDAY,DAYS
clips\68\18.MOV,68,WEELCHAIR PERSON,RELATIONSHIPS
clips\70\9.MOV,70,DEAF BLIND,RELATIONSHIPS
clips\80\12.MOV,80,GRAY,COLOR
clips\93\14.MOV,93,SHRIMP,FOOD
clips\3\5.MOV,3,HELLO,GREETING
clips\60\6.MOV,60,COUSIN,FAMILY
clips\70\19.MOV,70,DEAF BLIND,RELATIONSHIPS
clips\10\6.MOV,10,UNDERSTAND,SURVIVAL
clips\5\4.MOV,5,IM FINE,GREETING
clips\98\18.MOV,98,MILK,DRINK
clips\0\1.MOV,0,GOOD MORNING,GREETING
clips\7\12.MOV,7,THANK YOU,GREETING
clips\38\7.MOV,38,SEPTEMBER,CALENDAR
clips\97\10.MOV,97,JUICE,DRINK
clips\93\16.MOV,93,SHRIMP,FOOD
clips\28\7.MOV,28,NINE ,NUMBER
clips\21\18.MOV,21,TWO,NUMBER
clips\100\12.MOV,100,TEA,DRINK
clips\5\5.MOV,5,IM FINE,GREETING
clips\35\8.MOV,35,JUNE,CALENDAR
clips\72\10.MOV,72,BLUE,COLOR
clips\27\3.MOV,27,EIGHT,NUMBER
clips\74\8.MOV,74,RED,COLOR
clips\45\1.MOV,45,THURSDAY,DAYS
clips\10\18.MOV,10,UNDERSTAND,SURVIVAL
clips\86\7.MOV,86,EGG,FOOD
clips\14\5.MOV,14,NO,SURVIVAL
clips\75\17.MOV,75,BROWN,COLOR
clips\35\3.MOV,35,JUNE,CALENDAR
clips\43\7.MOV,43,TUESDAY,DAYS
clips\32\17.MOV,32,MARCH,CALENDAR
clips\38\18.MOV,38,SEPTEMBER,CALENDAR
clips\36\3.MOV,36,JULY,CALENDAR
clips\70\15.MOV,70,DEAF BLIND,RELATIONSHIPS
clips\86\1.MOV,86,EGG,FOOD
clips\62\11.MOV,62,BOY,RELATIONSHIPS
clips\59\3.MOV,59,AUNTIE,FAMILY
clips\61\7.MOV,61,PARENTS,FAMILY
clips\19\19.MOV,19,FAST,SURVIVAL
clips\69\0.MOV,69,BLIND,RELATIONSHIPS
clips\55\7.MOV,55,DAUGHTER,FAMILY
clips\5\7.MOV,5,IM FINE,GREETING
clips\36\6.MOV,36,JULY,CALENDAR
clips\63\7.MOV,63,GIRL,RELATIONSHIPS
clips\78\8.MOV,78,YELLOW,COLOR
clips\81\19.MOV,81,PINK,COLOR
clips\72\9.MOV,72,BLUE,COLOR
clips\59\19.MOV,59,AUNTIE,FAMILY
clips\87\0.MOV,87,FISH,FOOD
clips\30\10.MOV,30,JANUARY,CALENDAR
clips\55\16.MOV,55,DAUGHTER,FAMILY
clips\67\7.MOV,67,HARD OF HEARING,RELATIONSHIPS
clips\42\2.MOV,42,MONDAY,DAYS
clips\30\1.MOV,30,JANUARY,CALENDAR
clips\50\10.MOV,50,TOMORROW,DAYS
clips\55\5.MOV,55,DAUGHTER,FAMILY
clips\73\20.MOV,73,GREEN,COLOR
clips\2\20.MOV,2,GOOD EVENING,GREETING
clips\74\17.MOV,74,RED,COLOR
clips\15\3.MOV,15,YES,SURVIVAL
clips\75\18.MOV,75,BROWN,COLOR
clips\19\9.MOV,19,FAST,SURVIVAL
clips\31\6.MOV,31,FEBRUARY,CALENDAR
clips\33\2.MOV,33,APRIL,CALENDAR
clips\82\15.MOV,82,VIOLET,COLOR
clips\77\14.MOV,77,WHITE,COLOR
clips\19\12.MOV,19,FAST,SURVIVAL
clips\54\2.MOV,54,SON,FAMILY
clips\73\13.MOV,73,GREEN,COLOR
clips\20\3.MOV,20,ONE,NUMBER
clips\52\8.MOV,52,FATHER,FAMILY
clips\47\13.MOV,47,SATURDAY,DAYS
clips\20\19.MOV,20,ONE,NUMBER
clips\53\3.MOV,53,MOTHER,FAMILY
clips\30\2.MOV,30,JANUARY,CALENDAR
clips\67\4.MOV,67,HARD OF HEARING,RELATIONSHIPS
clips\11\18.MOV,11,DON’T UNDERSTAND,SURVIVAL
clips\56\14.MOV,56,GRANDFATHER,FAMILY
clips\81\16.MOV,81,PINK,COLOR
clips\79\4.MOV,79,ORANGE,COLOR
clips\97\20.MOV,97,JUICE,DRINK
clips\15\4.MOV,15,YES,SURVIVAL
clips\25\18.MOV,25,SIX,NUMBER
clips\33\5.MOV,33,APRIL,CALENDAR
clips\83\5.MOV,83,LIGHT,COLOR
clips\99\14.MOV,99,COFFEE,DRINK
clips\28\10.MOV,28,NINE ,NUMBER
clips\50\8.MOV,50,TOMORROW,DAYS
clips\36\1.MOV,36,JULY,CALENDAR
clips\23\8.MOV,23,FOUR,NUMBER
clips\69\9.MOV,69,BLIND,RELATIONSHIPS
clips\7\0.MOV,7,THANK YOU,GREETING
clips\85\6.MOV,85,BREAD,FOOD
clips\36\5.MOV,36,JULY,CALENDAR
clips\12\1.MOV,12,KNOW,SURVIVAL
clips\102\14.MOV,102,WINE,DRINK
clips\101\13.MOV,101,BEER,DRINK
clips\19\5.MOV,19,FAST,SURVIVAL
clips\28\17.MOV,28,NINE ,NUMBER
clips\42\12.MOV,42,MONDAY,DAYS
clips\4\8.MOV,4,HOW ARE YOU,GREETING
clips\33\15.MOV,33,APRIL,CALENDAR
clips\95\19.MOV,95,HOT,DRINK
clips\89\14.MOV,89,CHICKEN,FOOD
clips\44\18.MOV,44,WEDNESDAY,DAYS
clips\25\19.MOV,25,SIX,NUMBER
clips\17\9.MOV,17,CORRECT,SURVIVAL
clips\94\8.MOV,94,CRAB,FOOD
clips\7\13.MOV,7,THANK YOU,GREETING
clips\104\10.MOV,104,NO SUGAR,DRINK
clips\97\15.MOV,97,JUICE,DRINK
clips\70\6.MOV,70,DEAF BLIND,RELATIONSHIPS
clips\38\11.MOV,38,SEPTEMBER,CALENDAR
clips\25\6.MOV,25,SIX,NUMBER
clips\71\1.MOV,71,MARRIED,RELATIONSHIPS
clips\6\11.MOV,6,NICE TO MEET YOU,GREETING
clips\13\5.MOV,13,DON’T KNOW,SURVIVAL
clips\27\0.MOV,27,EIGHT,NUMBER
clips\67\18.MOV,67,HARD OF HEARING,RELATIONSHIPS
clips\91\13.MOV,91,RICE,FOOD
clips\35\10.MOV,35,JUNE,CALENDAR
clips\3\2.MOV,3,HELLO,GREETING
clips\56\7.MOV,56,GRANDFATHER,FAMILY
clips\16\8.MOV,16,WRONG,SURVIVAL
clips\50\14.MOV,50,TOMORROW,DAYS
clips\94\1.MOV,94,CRAB,FOOD
clips\54\7.MOV,54,SON,FAMILY
clips\96\16.MOV,96,COLD,DRINK
clips\60\9.MOV,60,COUSIN,FAMILY
clips\81\17.MOV,81,PINK,COLOR
clips\65\0.MOV,65,WOMAN,RELATIONSHIPS
clips\93\2.MOV,93,SHRIMP,FOOD
clips\83\2.MOV,83,LIGHT,COLOR
clips\30\11.MOV,30,JANUARY,CALENDAR
clips\24\17.MOV,24,FIVE,NUMBER
clips\23\3.MOV,23,FOUR,NUMBER
clips\2\12.MOV,2,GOOD EVENING,GREETING
clips\55\10.MOV,55,DAUGHTER,FAMILY
clips\69\8.MOV,69,BLIND,RELATIONSHIPS
clips\64\9.MOV,64,MAN,RELATIONSHIPS
clips\15\11.MOV,15,YES,SURVIVAL
clips\8\13.MOV,8,YOURE WELCOME,GREETING
clips\88\10.MOV,88,MEAT,FOOD
clips\71\17.MOV,71,MARRIED,RELATIONSHIPS
clips\87\17.MOV,87,FISH,FOOD
clips\59\1.MOV,59,AUNTIE,FAMILY
clips\32\18.MOV,32,MARCH,CALENDAR
clips\69\16.MOV,69,BLIND,RELATIONSHIPS
clips\3\0.MOV,3,HELLO,GREETING
clips\0\17.MOV,0,GOOD MORNING,GREETING
clips\87\12.MOV,87,FISH,FOOD
clips\70\7.MOV,70,DEAF BLIND,RELATIONSHIPS
clips\101\10.MOV,101,BEER,DRINK
clips\66\15.MOV,66,DEAF,RELATIONSHIPS
clips\62\18.MOV,62,BOY,RELATIONSHIPS
clips\22\9.MOV,22,THREE,NUMBER
clips\29\6.MOV,29,TEN,NUMBER
clips\100\11.MOV,100,TEA,DRINK
clips\94\17.MOV,94,CRAB,FOOD
clips\14\3.MOV,14,NO,SURVIVAL
clips\83\13.MOV,83,LIGHT,COLOR
clips\9\19.MOV,9,SEE YOU TOMORROW,GREETING
clips\65\14.MOV,65,WOMAN,RELATIONSHIPS
clips\20\11.MOV,20,ONE,NUMBER
clips\24\16.MOV,24,FIVE,NUMBER
clips\82\12.MOV,82,VIOLET,COLOR
clips\84\8.MOV,84,DARK,COLOR
clips\21\3.MOV,21,TWO,NUMBER
clips\82\2.MOV,82,VIOLET,COLOR
clips\79\19.MOV,79,ORANGE,COLOR
clips\88\2.MOV,88,MEAT,FOOD
clips\84\17.MOV,84,DARK,COLOR
clips\9\8.MOV,9,SEE YOU TOMORROW,GREETING
clips\61\5.MOV,61,PARENTS,FAMILY
clips\63\13.MOV,63,GIRL,RELATIONSHIPS
clips\86\0.MOV,86,EGG,FOOD
clips\4\11.MOV,4,HOW ARE YOU,GREETING
clips\80\3.MOV,80,GRAY,COLOR
clips\7\14.MOV,7,THANK YOU,GREETING
clips\49\12.MOV,49,TODAY,DAYS
clips\33\12.MOV,33,APRIL,CALENDAR
clips\4\17.MOV,4,HOW ARE YOU,GREETING
clips\75\6.MOV,75,BROWN,COLOR
clips\6\1.MOV,6,NICE TO MEET YOU,GREETING
clips\18\2.MOV,18,SLOW,SURVIVAL
clips\40\17.MOV,40,NOVEMBER,CALENDAR
clips\89\19.MOV,89,CHICKEN,FOOD
clips\41\9.MOV,41,DECEMBER,CALENDAR
clips\86\3.MOV,86,EGG,FOOD
clips\52\18.MOV,52,FATHER,FAMILY
clips\74\10.MOV,74,RED,COLOR
clips\48\14.MOV,48,SUNDAY,DAYS
clips\60\20.MOV,60,COUSIN,FAMILY
clips\16\19.MOV,16,WRONG,SURVIVAL
clips\12\19.MOV,12,KNOW,SURVIVAL
clips\39\18.MOV,39,OCTOBER,CALENDAR
clips\21\6.MOV,21,TWO,NUMBER
clips\88\1.MOV,88,MEAT,FOOD
clips\89\5.MOV,89,CHICKEN,FOOD
clips\33\19.MOV,33,APRIL,CALENDAR
clips\83\4.MOV,83,LIGHT,COLOR
clips\11\17.MOV,11,DON’T UNDERSTAND,SURVIVAL
clips\80\6.MOV,80,GRAY,COLOR
clips\56\6.MOV,56,GRANDFATHER,FAMILY
clips\27\2.MOV,27,EIGHT,NUMBER
clips\70\5.MOV,70,DEAF BLIND,RELATIONSHIPS
clips\41\3.MOV,41,DECEMBER,CALENDAR
clips\32\9.MOV,32,MARCH,CALENDAR
clips\67\5.MOV,67,HARD OF HEARING,RELATIONSHIPS
clips\88\8.MOV,88,MEAT,FOOD
clips\86\10.MOV,86,EGG,FOOD
clips\98\4.MOV,98,MILK,DRINK
clips\81\2.MOV,81,PINK,COLOR
clips\41\17.MOV,41,DECEMBER,CALENDAR
clips\63\12.MOV,63,GIRL,RELATIONSHIPS
clips\57\12.MOV,57,GRANDMOTHER,FAMILY
clips\94\6.MOV,94,CRAB,FOOD
clips\35\11.MOV,35,JUNE,CALENDAR
clips\74\0.MOV,74,RED,COLOR
clips\69\10.MOV,69,BLIND,RELATIONSHIPS
clips\62\8.MOV,62,BOY,RELATIONSHIPS
clips\67\2.MOV,67,HARD OF HEARING,RELATIONSHIPS
clips\78\9.MOV,78,YELLOW,COLOR
clips\76\5.MOV,76,BLACK,COLOR
clips\11\16.MOV,11,DON’T UNDERSTAND,SURVIVAL
clips\77\15.MOV,77,WHITE,COLOR
clips\20\14.MOV,20,ONE,NUMBER
clips\74\15.MOV,74,RED,COLOR
clips\19\20.MOV,19,FAST,SURVIVAL
clips\34\14.MOV,34,MAY,CALENDAR
clips\20\12.MOV,20,ONE,NUMBER
clips\41\13.MOV,41,DECEMBER,CALENDAR
clips\82\7.MOV,82,VIOLET,COLOR
clips\34\19.MOV,34,MAY,CALENDAR
clips\59\15.MOV,59,AUNTIE,FAMILY
clips\95\9.MOV,95,HOT,DRINK
clips\23\9.MOV,23,FOUR,NUMBER
clips\47\14.MOV,47,SATURDAY,DAYS
clips\99\8.MOV,99,COFFEE,DRINK
clips\14\17.MOV,14,NO,SURVIVAL
clips\62\17.MOV,62,BOY,RELATIONSHIPS
clips\11\4.MOV,11,DON’T UNDERSTAND,SURVIVAL
clips\13\10.MOV,13,DON’T KNOW,SURVIVAL
clips\6\6.MOV,6,NICE TO MEET YOU,GREETING
clips\78\2.MOV,78,YELLOW,COLOR
clips\43\4.MOV,43,TUESDAY,DAYS
clips\34\20.MOV,34,MAY,CALENDAR
clips\37\16.MOV,37,AUGUST,CALENDAR
clips\38\9.MOV,38,SEPTEMBER,CALENDAR
clips\13\18.MOV,13,DON’T KNOW,SURVIVAL
clips\53\16.MOV,53,MOTHER,FAMILY
clips\11\3.MOV,11,DON’T UNDERSTAND,SURVIVAL
clips\14\7.MOV,14,NO,SURVIVAL
clips\99\12.MOV,99,COFFEE,DRINK
clips\29\2.MOV,29,TEN,NUMBER
clips\78\16.MOV,78,YELLOW,COLOR
clips\22\13.MOV,22,THREE,NUMBER
clips\47\19.MOV,47,SATURDAY,DAYS
clips\88\18.MOV,88,MEAT,FOOD
clips\4\18.MOV,4,HOW ARE YOU,GREETING
clips\44\8.MOV,44,WEDNESDAY,DAYS
clips\87\16.MOV,87,FISH,FOOD
clips\77\5.MOV,77,WHITE,COLOR
clips\51\15.MOV,51,YESTERDAY,DAYS
clips\12\3.MOV,12,KNOW,SURVIVAL
clips\1\10.MOV,1,GOOD AFTERNOON,GREETING
clips\1\8.MOV,1,GOOD AFTERNOON,GREETING
clips\44\9.MOV,44,WEDNESDAY,DAYS
clips\78\3.MOV,78,YELLOW,COLOR
clips\1\14.MOV,1,GOOD AFTERNOON,GREETING
clips\58\5.MOV,58,UNCLE,FAMILY
clips\4\6.MOV,4,HOW ARE YOU,GREETING
clips\92\3.MOV,92,LONGANISA,FOOD
clips\2\3.MOV,2,GOOD EVENING,GREETING
clips\70\10.MOV,70,DEAF BLIND,RELATIONSHIPS
clips\102\10.MOV,102,WINE,DRINK
clips\74\11.MOV,74,RED,COLOR
clips\48\4.MOV,48,SUNDAY,DAYS
clips\62\12.MOV,62,BOY,RELATIONSHIPS
clips\61\6.MOV,61,PARENTS,FAMILY
clips\27\17.MOV,27,EIGHT,NUMBER
clips\3\10.MOV,3,HELLO,GREETING
clips\63\11.MOV,63,GIRL,RELATIONSHIPS
clips\18\18.MOV,18,SLOW,SURVIVAL
clips\33\3.MOV,33,APRIL,CALENDAR
clips\72\16.MOV,72,BLUE,COLOR
clips\72\18.MOV,72,BLUE,COLOR
clips\50\20.MOV,50,TOMORROW,DAYS
clips\48\3.MOV,48,SUNDAY,DAYS
clips\59\12.MOV,59,AUNTIE,FAMILY
clips\24\3.MOV,24,FIVE,NUMBER
clips\86\15.MOV,86,EGG,FOOD
clips\0\13.MOV,0,GOOD MORNING,GREETING
clips\89\15.MOV,89,CHICKEN,FOOD
clips\93\4.MOV,93,SHRIMP,FOOD
clips\14\12.MOV,14,NO,SURVIVAL
clips\22\8.MOV,22,THREE,NUMBER
clips\46\3.MOV,46,FRIDAY,DAYS
clips\102\16.MOV,102,WINE,DRINK
clips\83\18.MOV,83,LIGHT,COLOR
clips\64\6.MOV,64,MAN,RELATIONSHIPS
clips\91\6.MOV,91,RICE,FOOD
clips\42\6.MOV,42,MONDAY,DAYS
clips\48\8.MOV,48,SUNDAY,DAYS
clips\47\7.MOV,47,SATURDAY,DAYS
clips\32\13.MOV,32,MARCH,CALENDAR
clips\16\1.MOV,16,WRONG,SURVIVAL
clips\9\9.MOV,9,SEE YOU TOMORROW,GREETING
clips\64\2.MOV,64,MAN,RELATIONSHIPS
clips\29\14.MOV,29,TEN,NUMBER
clips\36\8.MOV,36,JULY,CALENDAR
clips\67\9.MOV,67,HARD OF HEARING,RELATIONSHIPS
clips\57\7.MOV,57,GRANDMOTHER,FAMILY
clips\29\19.MOV,29,TEN,NUMBER
clips\83\15.MOV,83,LIGHT,COLOR
clips\29\17.MOV,29,TEN,NUMBER
clips\71\6.MOV,71,MARRIED,RELATIONSHIPS
clips\21\11.MOV,21,TWO,NUMBER
clips\86\17.MOV,86,EGG,FOOD
clips\10\16.MOV,10,UNDERSTAND,SURVIVAL
clips\35\19.MOV,35,JUNE,CALENDAR
clips\13\15.MOV,13,DON’T KNOW,SURVIVAL
clips\94\12.MOV,94,CRAB,FOOD
clips\8\10.MOV,8,YOURE WELCOME,GREETING
clips\38\2.MOV,38,SEPTEMBER,CALENDAR
clips\21\19.MOV,21,TWO,NUMBER
clips\20\13.MOV,20,ONE,NUMBER
clips\57\17.MOV,57,GRANDMOTHER,FAMILY
clips\61\14.MOV,61,PARENTS,FAMILY
clips\55\6.MOV,55,DAUGHTER,FAMILY
clips\12\4.MOV,12,KNOW,SURVIVAL
clips\69\15.MOV,69,BLIND,RELATIONSHIPS
clips\96\1.MOV,96,COLD,DRINK
clips\53\1.MOV,53,MOTHER,FAMILY
clips\8\14.MOV,8,YOURE WELCOME,GREETING
clips\47\6.MOV,47,SATURDAY,DAYS
clips\37\14.MOV,37,AUGUST,CALENDAR
clips\33\9.MOV,33,APRIL,CALENDAR
clips\81\13.MOV,81,PINK,COLOR
clips\12\10.MOV,12,KNOW,SURVIVAL
clips\71\18.MOV,71,MARRIED,RELATIONSHIPS
clips\23\18.MOV,23,FOUR,NUMBER
clips\68\3.MOV,68,WEELCHAIR PERSON,RELATIONSHIPS
clips\25\7.MOV,25,SIX,NUMBER
clips\29\10.MOV,29,TEN,NUMBER
